"performance_id","season","week","week_theme_id","couple_id","professional_id","primary_dance_style_id"
132,10,"4",1,1,1,1
135,10,"4",1,2,2,1
136,10,"4",1,3,3,2
137,10,"4",1,4,4,2
138,10,"4",1,5,5,2
143,10,"4",1,6,6,1
144,10,"4",1,7,7,1
145,10,"4",1,8,8,2
150,10,"4",1,9,9,2
2823,11,"4",2,10,2,2
2849,11,"4",2,11,1,2
2850,11,"4",2,12,8,3
2851,11,"4",2,13,10,2
2852,11,"4",2,14,11,3
2879,11,"4",2,15,12,2
2880,11,"4",2,16,5,3
2881,11,"4",2,17,13,2
2910,11,"4",2,18,7,3
0,2,"1",3,19,4,4
1,2,"1",3,20,3,5
2,2,"1",3,21,14,4
3,2,"1",3,22,7,5
4,1,"1",3,23,15,4
5,2,"1",3,24,8,4
6,2,"1",3,25,1,5
7,2,"1",3,26,15,4
8,2,"1",3,27,16,5
9,1,"1",3,28,16,5
10,1,"1",3,29,4,4
11,1,"1",3,30,17,5
12,1,"1",3,31,18,4
13,2,"1",3,32,2,4
14,2,"1",3,33,19,5
15,2,"2",3,20,3,2
16,1,"1",3,34,3,5
17,1,"2",3,28,16,2
18,2,"2",3,24,8,6
19,2,"2",3,25,1,2
20,2,"2",3,19,4,6
21,1,"2",3,23,15,6
22,1,"2",3,34,3,2
23,1,"2",3,31,18,6
24,2,"2",3,33,19,2
25,2,"2",3,32,2,6
26,2,"2",3,22,7,2
27,2,"2",3,26,15,6
28,1,"2",3,30,17,2
29,1,"2",3,29,4,6
30,1,"3",3,29,4,7
31,2,"2",3,27,16,2
32,2,"3",3,32,2,7
33,1,"3",3,28,16,1
34,1,"3",3,30,17,7
35,1,"3",3,31,18,1
36,1,"3",3,23,15,7
37,2,"3",3,27,16,1
38,2,"3",3,24,8,7
39,2,"3",3,19,4,1
40,1,"4",3,23,15,8
41,2,"3",3,20,3,7
42,2,"3",3,22,7,1
43,2,"3",3,26,15,7
44,2,"3",3,25,1,1
45,1,"4",3,28,16,8
46,1,"4",3,31,18,8
47,1,"4",3,30,17,8
48,1,"5",3,31,18,9
49,2,"4",3,19,4,10
50,1,"5",3,31,18,10
51,1,"5",3,30,17,9
52,1,"5",3,30,17,10
53,1,"5",3,23,15,9
54,2,"4",3,25,1,9
55,2,"4",3,26,15,10
56,2,"4",3,22,7,9
57,2,"4",3,24,8,10
58,1,"5",3,23,15,10
59,1,"6",4,31,18,6
60,2,"4",3,32,2,9
61,2,"4",3,20,3,10
62,2,"5",3,22,7,8
63,1,"6",4,31,18,11
64,1,"6",4,30,17,8
65,1,"6",4,30,17,11
66,1,"7",5,30,17,4
67,2,"5",3,19,4,8
68,2,"5",3,20,3,8
69,1,"7",5,30,17,6
70,1,"7",5,30,17,11
71,1,"7",5,31,18,2
72,2,"5",3,25,1,8
73,2,"5",3,32,2,8
74,2,"5",3,24,8,8
75,2,"6",3,32,2,10
76,1,"7",5,31,18,5
77,1,"7",5,31,18,11
78,2,"6",3,24,8,1
79,2,"6",3,19,4,2
80,2,"6",3,20,3,6
81,2,"6",3,22,7,7
82,2,"7",3,22,7,6
83,2,"7",3,22,7,4
84,2,"7",3,32,2,1
85,2,"7",3,32,2,2
86,2,"7",3,20,3,9
87,2,"7",3,20,3,4
88,2,"7",3,24,8,9
89,2,"7",3,24,8,2
90,2,"8",3,32,2,9
91,2,"8",3,32,2,11
92,2,"8",3,32,2,4
93,2,"8",3,22,7,7
94,2,"8",3,22,7,11
95,2,"8",3,22,7,8
96,2,"8",3,24,8,10
97,2,"8",3,24,8,11
98,10,"1",6,8,8,4
99,2,"8",3,24,8,7
100,10,"1",6,35,13,12
101,10,"1",6,1,1,4
102,10,"1",6,6,6,12
103,10,"1",6,3,3,4
104,10,"1",6,2,2,12
105,10,"1",6,36,20,4
106,10,"1",6,5,5,12
107,10,"1",6,4,4,4
108,10,"1",6,7,7,12
109,10,"1",6,9,9,4
110,10,"2",7,35,13,7
111,10,"2",7,4,4,9
112,10,"2",7,2,2,7
113,10,"2",7,3,3,9
114,10,"2",7,6,6,7
115,10,"2",7,36,20,9
116,10,"2",7,5,5,7
117,10,"2",7,1,1,9
118,10,"2",7,9,9,9
119,10,"2",7,8,8,9
120,10,"2",7,7,7,7
121,10,"3",8,2,2,6
122,10,"3",8,36,20,5
123,10,"3",8,6,6,6
124,10,"3",8,3,3,5
125,10,"3",8,8,8,10
126,10,"3",8,9,9,10
127,10,"3",8,4,4,6
128,10,"3",8,1,1,5
129,9,"1",3,37,11,4
130,10,"3",8,7,7,10
131,10,"3",8,5,5,6
133,9,"1",3,38,2,9
134,9,"1",3,39,10,4
139,9,"1",3,40,4,9
140,9,"1",3,41,21,9
141,9,"1",3,42,6,9
142,9,"1",3,43,22,4
146,9,"1",3,44,8,4
151,10,"5",9,3,3,7
155,10,"5",9,8,8,6
156,10,"5",9,1,1,7
157,10,"5",9,6,6,4
158,10,"5",9,9,9,6
161,9,"1",3,45,1,13
162,10,"5",9,7,7,9
163,10,"5",9,5,5,1
164,10,"5",9,2,2,2
165,9,"1",3,46,13,12
166,9,"1",3,47,23,12
167,9,"1",3,48,7,13
168,9,"1",3,49,17,13
169,10,"6",10,6,6,8
170,9,"1",3,50,16,12
171,9,"1",3,51,5,13
172,9,"1",3,52,3,12
173,10,"6",10,2,2,8
174,10,"6",10,3,3,3
175,10,"6",10,1,1,8
176,10,"6",10,8,8,3
180,8,"1",3,53,5,4
181,10,"6",10,5,5,8
182,10,"6",10,9,9,3
188,8,"1",3,54,16,5
189,8,"1",3,55,4,4
190,8,"1",3,56,10,5
196,9,"2",3,51,5,7
197,8,"1",3,57,8,4
198,8,"1",3,58,24,5
201,10,"7",11,1,1,6
202,9,"2",3,49,17,6
203,9,"2",3,38,2,1
204,9,"2",3,46,13,7
205,9,"2",3,43,22,6
206,8,"1",3,59,23,4
207,8,"1",3,60,6,4
208,8,"1",3,61,13,5
209,8,"1",3,62,11,4
210,10,"7",11,8,8,12
211,10,"7",11,5,5,5
212,10,"7",11,9,9,5
213,9,"2",3,45,1,1
214,9,"2",3,42,6,7
215,9,"2",3,37,11,6
216,8,"1",3,63,21,5
217,8,"1",3,64,1,4
218,8,"1",3,65,7,5
219,8,"2",3,59,23,6
220,10,"7",11,3,3,6
221,10,"7",11,2,2,3
222,10,"8",12,8,8,1
223,9,"2",3,52,3,1
224,9,"2",3,48,7,6
225,9,"2",3,39,10,6
226,8,"2",3,63,21,13
227,8,"2",3,64,1,6
228,8,"2",3,54,16,13
229,8,"2",3,60,6,6
230,10,"8",12,8,8,7
231,10,"8",12,3,3,12
232,10,"8",12,3,3,10
233,10,"8",12,1,1,3
234,9,"2",3,47,23,7
235,9,"2",3,44,8,1
236,9,"2",3,41,21,7
237,9,"3",3,39,10,2
238,8,"2",3,61,13,13
239,8,"2",3,62,11,6
240,8,"2",3,58,24,13
241,8,"2",3,55,4,6
242,7,"1",3,66,24,4
243,10,"8",12,1,1,2
244,10,"8",12,2,2,5
245,10,"8",12,2,2,4
246,9,"3",3,51,5,8
247,9,"3",3,47,23,2
248,9,"3",3,46,13,8
249,9,"3",3,42,6,2
250,8,"2",3,56,10,13
251,8,"2",3,53,5,6
252,8,"2",3,65,7,13
253,8,"2",3,57,8,6
254,7,"1",3,67,11,9
255,7,"1",3,68,17,4
256,7,"1",3,69,8,9
257,7,"1",3,70,5,4
258,10,"8",12,5,5,9
259,10,"8",12,5,5,10
260,10,"9",13,1,1,12
261,9,"3",3,45,1,8
262,9,"3",3,41,21,2
263,9,"3",3,43,22,8
264,8,"2",3,54,16,13
265,7,"1",3,71,25,9
266,7,"1",3,72,10,4
267,7,"1",3,73,12,9
268,7,"1",3,74,4,4
269,10,"9",13,1,1,10
270,10,"9",13,5,5,3
271,10,"9",13,5,5,4
272,10,"9",13,8,8,5
273,9,"3",3,49,17,2
274,9,"3",3,38,2,8
275,9,"3",3,37,11,2
276,8,"2",3,62,11,6
277,8,"3",3,64,1,8
278,7,"1",3,75,13,9
279,7,"1",3,76,7,4
280,7,"1",3,77,1,9
281,10,"9",13,8,8,8
282,10,"9",13,2,2,9
283,10,"9",13,2,2,10
284,6,"1",3,78,21,4
285,9,"3",3,44,8,8
286,9,"3",3,52,3,8
287,9,"4",3,38,2,14
288,8,"3",3,58,24,9
289,8,"3",3,59,23,8
290,8,"3",3,56,10,9
291,8,"3",3,55,4,8
292,7,"1",3,79,21,4
293,7,"1",3,72,10,6
294,10,"10",14,1,1,8
295,6,"1",3,80,4,9
296,6,"1",3,81,8,4
297,6,"1",3,82,24,9
298,6,"1",3,83,11,4
299,9,"4",3,46,13,15
300,9,"4",3,49,17,16
301,9,"4",3,37,11,17
302,9,"4",3,39,10,14
303,8,"3",3,61,13,9
304,8,"3",3,57,8,8
305,8,"3",3,63,21,9
306,5,"1",3,84,5,4
307,7,"1",3,77,1,18
308,7,"1",3,69,8,18
309,7,"1",3,70,5,6
310,10,"10",14,1,1,11
312,10,"10",14,2,2,12
313,6,"1",3,85,2,9
314,6,"1",3,86,5,4
315,9,"4",3,52,3,15
316,9,"4",3,51,5,17
317,9,"4",3,41,21,15
318,8,"3",3,62,11,8
319,8,"3",3,65,7,9
320,8,"3",3,53,5,8
321,8,"3",3,60,6,9
322,5,"1",3,87,17,9
323,5,"1",3,88,13,4
324,5,"1",3,89,16,9
325,7,"1",3,73,12,18
326,7,"1",3,68,17,6
327,7,"1",3,79,21,6
328,7,"1",3,71,25,18
329,10,"10",14,2,2,11
331,10,"10",14,5,5,2
332,6,"1",3,90,16,9
333,6,"1",3,91,7,4
334,6,"1",3,92,3,9
335,6,"1",3,93,13,9
336,9,"4",3,43,22,16
337,9,"4",3,42,6,14
338,9,"4",3,47,23,17
339,9,"5",3,49,17,10
340,8,"3",3,59,23,8
341,4,"1",3,94,8,4
342,5,"1",3,95,1,4
343,5,"1",3,96,7,9
344,5,"1",3,97,4,9
345,7,"1",3,66,24,6
346,7,"1",3,67,11,18
347,7,"1",3,76,7,6
348,10,"10",14,5,5,11
350,10,"10",14,5,5,7
351,6,"1",3,98,26,4
352,6,"2",3,85,2,18
353,9,"5",3,37,11,3
354,9,"5",3,43,22,10
355,9,"5",3,47,23,3
356,9,"5",3,39,10,10
357,8,"3",3,64,1,8
358,8,"4",3,63,21,19
359,4,"1",3,99,17,9
360,4,"1",3,100,11,4
361,5,"1",3,101,11,4
362,5,"1",3,102,24,9
363,5,"1",3,103,2,4
364,5,"1",3,104,21,9
365,7,"1",3,75,13,18
367,7,"2",3,68,17,2
368,10,"10",14,2,2,6
369,6,"2",3,81,8,6
370,6,"2",3,90,16,18
371,6,"2",3,78,21,6
372,9,"5",3,41,21,3
373,9,"5",3,42,6,3
374,9,"5",3,46,13,3
375,9,"5",3,52,3,10
376,3,"1",3,105,4,4
377,8,"4",3,53,5,3
378,8,"4",3,58,24,19
379,8,"4",3,55,4,3
380,4,"1",3,106,7,9
381,4,"1",3,107,21,4
382,4,"1",3,108,1,9
383,4,"1",3,109,4,4
384,5,"1",3,110,8,4
385,5,"2",3,95,1,6
386,7,"2",3,70,5,10
387,7,"2",3,67,11,2
388,7,"2",3,72,10,10
389,6,"2",3,92,3,18
390,6,"2",3,86,5,6
391,6,"2",3,80,4,18
392,9,"5",3,111,1,3
393,9,"6",3,47,23,20
394,3,"1",3,112,7,9
395,3,"1",3,113,27,4
396,3,"1",3,114,3,9
397,3,"1",3,115,8,4
398,8,"4",3,60,6,19
399,8,"4",3,62,11,3
400,8,"4",3,65,7,19
401,8,"4",3,59,23,3
402,4,"1",3,116,28,9
403,4,"1",3,117,27,4
404,4,"1",3,118,16,9
405,4,"1",3,119,24,4
406,5,"2",3,104,21,18
407,5,"2",3,110,8,6
408,5,"2",3,89,16,18
409,7,"2",3,75,13,2
410,7,"2",3,77,1,10
411,7,"2",3,69,8,2
412,7,"2",3,73,12,10
413,6,"2",3,91,7,6
414,6,"2",3,82,24,18
415,6,"2",3,98,26,6
416,9,"6",3,46,13,5
417,9,"6",3,39,10,20
418,9,"6",3,37,11,5
419,9,"6",3,43,22,5
420,3,"1",3,120,1,9
421,3,"1",3,83,11,4
422,3,"1",3,121,29,9
423,8,"4",3,56,10,19
424,8,"4",3,57,8,3
425,8,"4",3,61,13,19
426,4,"2",3,119,24,6
427,5,"2",3,103,2,6
428,5,"2",3,102,24,18
429,5,"2",3,84,5,6
430,7,"2",3,76,7,2
431,7,"2",3,79,21,10
432,7,"2",3,66,24,2
433,7,"3",3,76,7,7
434,6,"2",3,93,13,18
435,6,"2",3,83,11,6
436,9,"6",3,52,3,20
437,9,"6",3,42,6,20
438,9,"6",3,51,5,5
439,9,"6",3,41,21,20
440,3,"1",3,122,15,4
441,3,"1",3,123,19,9
442,3,"1",3,124,21,4
443,8,"5",3,58,24,12
444,4,"2",3,116,28,18
445,4,"2",3,117,27,6
446,4,"2",3,106,7,18
447,5,"2",3,97,4,18
448,5,"2",3,101,11,6
449,5,"2",3,96,7,18
450,5,"2",3,88,13,6
451,7,"3",3,72,10,12
452,7,"3",3,69,8,7
453,7,"3",3,67,11,12
454,6,"3",3,98,26,7
458,15,"1",6,107,21,4
459,3,"2",3,120,1,18
460,8,"5",3,55,4,10
461,8,"5",3,61,13,12
462,8,"5",3,65,7,10
463,4,"2",3,94,8,6
464,4,"2",3,99,17,18
465,4,"2",3,100,11,6
466,5,"3",3,88,13,7
467,7,"3",3,79,21,12
468,7,"3",3,66,24,7
469,7,"3",3,68,17,12
470,7,"3",3,73,12,7
471,6,"3",3,85,2,1
472,6,"3",3,81,8,7
477,15,"1",6,125,5,9
478,15,"1",6,126,3,4
479,15,"1",6,127,6,9
480,3,"2",3,122,15,6
481,3,"2",3,114,3,18
482,3,"2",3,83,11,6
483,8,"5",3,63,21,12
484,8,"5",3,57,8,10
485,8,"5",3,56,10,12
486,8,"5",3,60,6,10
487,4,"2",3,118,16,18
488,4,"2",3,109,4,6
489,4,"2",3,108,1,18
490,4,"2",3,107,21,6
491,5,"3",3,97,4,1
492,5,"3",3,104,21,7
493,5,"3",3,84,5,1
494,7,"3",3,70,5,12
495,7,"4",3,69,8,8
496,6,"3",3,83,11,1
497,6,"3",3,86,5,7
498,6,"3",3,82,24,1
499,6,"3",3,91,7,7
503,15,"1",6,128,30,4
504,15,"1",6,65,7,9
505,15,"1",6,129,11,4
506,15,"1",6,130,31,9
507,3,"2",3,121,29,18
508,3,"2",3,124,21,6
509,3,"2",3,123,19,18
510,8,"5",3,53,5,12
511,8,"5",3,63,21,12
512,4,"3",3,116,28,7
513,5,"3",3,95,1,7
514,5,"3",3,110,8,1
515,5,"3",3,101,11,7
516,5,"3",3,96,7,1
517,7,"4",3,66,24,1
518,7,"4",3,68,17,8
519,7,"4",3,73,12,1
520,6,"3",3,92,3,1
521,6,"3",3,80,4,7
522,6,"3",3,93,13,1
523,6,"4",3,93,13,10
525,9,"7",3,43,22,9
526,15,"1",6,17,13,4
527,15,"1",6,131,2,9
528,15,"1",6,132,32,4
529,15,"1",6,133,1,9
530,3,"2",3,105,4,6
531,3,"2",3,112,7,18
532,3,"2",3,115,8,6
533,8,"5",3,55,4,10
534,8,"6",3,60,6,7
535,4,"3",3,109,4,1
536,4,"3",3,117,27,7
537,4,"3",3,108,1,1
538,4,"3",3,119,24,7
539,5,"3",3,102,24,7
540,5,"3",3,89,16,1
541,5,"4",3,104,21,12
542,7,"4",3,67,11,8
543,7,"4",3,76,7,1
544,7,"4",3,70,5,8
545,7,"4",3,72,10,1
546,6,"4",3,92,3,12
547,6,"4",3,82,24,10
548,6,"4",3,98,26,12
549,9,"7",3,41,21,6
550,9,"7",3,134,2,8
551,9,"7",3,47,23,9
552,15,"1",6,115,8,4
553,15,"2",15,65,7,7
554,3,"3",3,115,8,1
555,8,"6",3,61,13,2
556,8,"6",3,55,4,7
557,8,"6",3,65,7,2
558,8,"6",3,53,5,7
559,21,"1",16,135,11,13
560,20,"1",16,136,13,4
561,4,"3",3,107,21,1
562,4,"3",3,94,8,7
563,4,"3",3,106,7,1
564,5,"4",3,88,13,10
565,5,"4",3,96,7,12
566,5,"4",3,101,11,10
567,5,"4",3,95,1,12
568,5,"4",3,97,4,10
569,7,"4",3,79,21,8
570,7,"5",3,72,10,21
571,6,"4",3,83,11,10
572,6,"4",3,80,4,12
573,6,"4",3,81,8,10
574,6,"4",3,86,5,12
575,9,"7",3,37,11,7
576,9,"7",3,52,3,13
577,9,"7",3,51,5,2
578,15,"2",15,17,13,6
579,15,"2",15,127,6,7
580,15,"2",15,129,11,6
581,15,"2",15,126,3,6
582,3,"3",3,114,3,7
583,3,"3",3,122,15,1
584,3,"3",3,120,1,7
585,3,"3",3,124,21,1
586,8,"6",3,56,10,2
587,8,"6",3,57,8,7
588,8,"6",3,58,24,2
589,8,"7",3,65,7,3
590,21,"1",16,137,32,6
591,21,"1",16,138,33,4
592,21,"1",16,139,34,4
593,20,"1",16,140,21,4
594,20,"1",16,141,35,7
595,20,"1",16,142,33,7
596,20,"1",16,143,36,9
597,4,"3",3,118,16,7
598,4,"3",3,100,11,1
599,4,"4",3,108,1,10
600,5,"4",3,89,16,12
601,5,"4",3,84,5,10
602,5,"4",3,102,24,12
603,5,"5",3,89,16,8
604,7,"5",3,68,17,21
605,7,"5",3,76,7,22
606,7,"5",3,79,21,22
607,6,"4",3,91,7,10
608,6,"5",3,83,11,8
610,15,"2",15,133,1,7
611,15,"2",15,115,8,6
612,15,"2",15,131,2,7
613,3,"3",3,112,7,7
614,3,"3",3,83,11,1
615,3,"3",3,123,19,1
616,8,"7",3,55,4,5
617,8,"7",3,53,5,2
618,8,"7",3,58,24,8
619,8,"7",3,60,6,5
620,21,"1",16,144,35,9
621,21,"1",16,145,3,6
622,21,"1",16,146,37,7
623,21,"1",16,147,13,7
624,20,"1",16,148,37,7
625,20,"1",16,149,31,4
626,20,"1",16,150,5,9
627,4,"4",3,119,24,5
628,4,"4",3,106,7,10
629,4,"4",3,94,8,5
630,4,"4",3,109,4,10
631,5,"5",3,96,7,2
632,5,"5",3,104,21,8
633,5,"5",3,88,13,2
634,5,"5",3,84,5,8
635,7,"5",3,73,12,13
636,7,"5",3,69,8,13
637,7,"5",3,70,5,20
638,7,"5",3,66,24,20
639,6,"5",3,92,3,2
640,6,"5",3,91,7,8
641,6,"5",3,81,8,2
642,6,"5",3,98,26,8
644,9,"8",3,47,23,6
645,15,"2",15,107,21,6
646,15,"2",15,125,5,7
647,15,"2",15,132,32,6
648,15,"2",15,130,31,7
649,3,"3",3,105,4,7
650,3,"4",3,114,3,5
651,8,"7",3,61,13,4
652,8,"7",3,57,8,12
653,8,"8",3,57,8,19
654,21,"1",16,151,7,13
655,21,"1",16,152,5,7
656,21,"1",16,153,2,4
657,21,"1",16,154,38,9
658,20,"1",16,155,34,4
659,20,"1",16,156,39,4
660,20,"1",16,157,7,4
661,20,"1",16,158,32,9
662,4,"4",3,117,27,5
663,4,"4",3,100,11,10
664,4,"4",3,118,16,5
665,5,"5",3,102,24,2
666,5,"5",3,95,1,8
667,5,"5",3,97,4,2
668,5,"6",3,88,13,9
669,7,"6",3,69,8,12
670,6,"5",3,93,13,2
671,6,"5",3,86,5,8
672,6,"5",3,80,4,2
673,9,"8",3,47,23,8
674,9,"8",3,37,11,9
675,9,"8",3,37,11,8
676,9,"8",3,51,5,6
677,15,"3",17,131,2,4
678,3,"4",3,115,8,10
679,3,"4",3,120,1,5
680,3,"4",3,112,7,10
681,8,"8",3,53,5,10
682,8,"8",3,58,24,4
683,8,"8",3,61,13,8
684,21,"1",16,159,39,4
685,21,"2",18,159,39,7
686,20,"2",19,148,37,4
687,4,"4",3,107,21,10
688,4,"5",3,94,8,8
689,5,"6",3,84,5,18
690,5,"6",3,96,7,7
691,5,"6",3,97,4,8
692,7,"6",3,72,10,7
693,7,"6",3,76,7,18
694,7,"6",3,70,5,2
695,6,"6",3,80,4,4
696,19,"1",16,160,8,4
697,9,"8",3,51,5,10
698,9,"8",3,52,3,9
699,9,"8",3,52,3,7
700,15,"3",17,130,31,1
701,15,"3",17,65,7,8
702,15,"3",17,129,11,9
703,15,"3",17,132,32,10
704,3,"4",3,124,21,5
705,3,"4",3,123,19,10
706,3,"4",3,105,4,5
707,3,"4",3,83,11,10
708,8,"8",3,65,7,7
709,8,"8",3,60,6,13
710,21,"2",18,145,3,2
711,21,"2",18,139,34,9
712,21,"2",18,138,33,9
713,20,"2",19,157,7,7
714,20,"2",19,140,21,9
715,20,"2",19,142,33,4
716,20,"2",19,149,31,9
717,4,"5",3,117,27,2
718,5,"6",3,95,1,2
719,5,"6",3,89,16,10
720,5,"6",3,102,24,4
721,5,"7",3,102,24,1
722,7,"6",3,73,12,4
723,7,"6",3,66,24,8
724,7,"6",3,79,21,2
725,6,"6",3,86,5,2
726,6,"6",3,98,26,18
727,6,"6",3,81,8,9
728,6,"6",3,91,7,12
729,19,"1",16,161,36,9
730,19,"1",16,162,32,7
731,19,"1",16,163,33,4
732,19,"1",16,164,7,4
733,9,"8",3,41,21,12
734,9,"8",3,41,21,10
735,9,"9",3,41,21,1
736,15,"3",17,133,1,4
737,15,"3",17,126,3,10
738,15,"3",17,115,8,10
739,3,"5",3,105,4,8
740,8,"9",3,61,13,6
741,21,"2",18,144,35,7
742,20,"2",19,158,32,4
743,4,"5",3,118,16,8
744,4,"5",3,107,21,2
745,4,"5",3,109,4,8
746,5,"7",3,102,24,8
747,5,"7",3,89,16,6
748,5,"7",3,89,16,4
749,5,"7",3,95,1,9
750,7,"7",3,79,21,9
751,6,"6",3,93,13,7
752,6,"6",3,83,11,2
753,6,"7",3,91,7,1
754,19,"1",16,165,39,9
755,19,"1",16,166,13,4
756,19,"1",16,167,34,4
757,9,"9",3,41,21,8
758,9,"9",3,41,21,20
759,9,"9",3,51,5,12
760,9,"9",3,51,5,4
761,15,"3",17,127,6,6
762,15,"3",17,17,13,10
763,15,"3",17,125,5,6
764,15,"4",20,133,1,15
765,3,"5",3,120,1,2
766,3,"5",3,112,7,8
767,3,"5",3,83,11,2
768,8,"9",3,61,13,10
769,8,"9",3,60,6,3
770,8,"9",3,60,6,2
771,8,"9",3,53,5,5
772,21,"2",18,151,7,6
773,21,"2",18,154,38,23
774,21,"2",18,147,13,13
775,20,"2",19,155,34,7
776,20,"2",19,136,13,3
777,20,"2",19,156,39,8
778,20,"2",19,150,5,2
779,4,"5",3,108,1,2
780,4,"5",3,119,24,8
781,4,"5",3,100,11,2
782,5,"7",3,95,1,10
783,5,"7",3,96,7,6
784,5,"7",3,96,7,4
785,5,"7",3,84,5,12
786,7,"7",3,76,7,10
787,7,"7",3,69,8,4
788,7,"7",3,168,4,12
789,6,"7",3,91,7,2
790,6,"7",3,81,8,12
791,6,"7",3,81,8,8
792,19,"1",16,169,35,7
793,19,"1",16,170,31,4
794,19,"1",16,171,11,9
795,19,"1",16,172,5,7
796,9,"9",3,51,5,13
797,9,"9",3,52,3,2
798,9,"9",3,52,3,6
799,9,"9",3,52,3,4
800,15,"4",20,17,13,24
801,15,"4",20,126,3,25
802,15,"4",20,115,8,16
803,15,"4",20,130,31,26
804,18,"1",6,173,7,4
805,3,"5",3,124,21,8
806,3,"5",3,114,3,2
807,8,"9",3,53,5,13
808,8,"9",3,57,8,9
809,21,"2",18,135,11,7
810,21,"2",18,137,32,4
811,20,"2",19,141,35,9
812,20,"2",19,143,36,13
813,20,"3",21,158,32,13
814,4,"6",3,107,21,8
815,5,"7",3,84,5,2
816,5,"7",3,97,4,6
817,5,"7",3,97,4,7
818,7,"7",3,72,10,2
819,7,"7",3,70,5,9
820,7,"8",3,168,4,9
821,6,"7",3,93,13,12
822,6,"7",3,93,13,4
823,6,"7",3,83,11,9
824,6,"7",3,83,11,18
825,19,"1",16,174,37,7
826,19,"2",19,171,11,4
827,9,"9",3,47,23,5
828,9,"9",3,47,23,13
829,9,"9",3,47,23,4
830,9,"10",3,52,3,3
831,15,"4",20,65,7,20
832,15,"4",20,125,5,18
833,15,"4",20,129,11,27
834,18,"1",6,175,31,9
835,18,"1",6,176,32,9
836,18,"1",6,177,11,28
837,3,"5",3,115,8,8
838,3,"6",3,83,11,18
839,8,"9",3,57,8,2
840,8,"9",3,65,7,12
841,8,"9",3,65,7,8
842,8,"10",3,65,7,6
843,21,"2",18,153,2,9
844,21,"2",18,146,37,9
845,21,"2",18,152,5,1
846,20,"3",21,142,33,2
847,20,"3",21,149,31,13
848,20,"3",21,141,35,13
849,4,"6",3,118,16,10
850,4,"6",3,109,4,18
851,4,"6",3,108,1,4
852,4,"6",3,100,11,7
853,5,"8",3,84,5,7
854,7,"8",3,168,4,18
855,7,"8",3,70,5,1
856,7,"8",3,70,5,18
857,6,"7",3,86,5,1
858,6,"7",3,86,5,18
859,6,"7",3,80,4,6
860,6,"7",3,80,4,10
861,19,"2",19,162,32,9
862,19,"2",19,161,36,7
863,19,"2",19,167,34,8
865,9,"10",3,52,3,11
866,9,"10",3,47,23,10
868,15,"4",20,132,32,28
869,15,"5",22,132,32,8
870,18,"1",6,178,34,4
871,18,"1",6,179,1,4
872,18,"1",6,180,13,28
873,3,"6",3,114,3,8
874,3,"6",3,105,4,2
875,3,"6",3,115,8,7
876,3,"6",3,124,21,10
877,8,"10",3,65,7,4
878,8,"10",3,57,8,5
879,8,"10",3,57,8,13
880,8,"10",3,61,13,3
881,8,"10",3,61,13,7
882,21,"2",18,139,34,6
883,20,"3",21,157,7,8
884,20,"3",21,148,37,3
885,20,"3",21,140,21,2
886,4,"6",3,119,24,2
887,4,"6",3,94,8,10
888,4,"7",3,108,1,6
889,5,"8",3,84,5,9
890,5,"8",3,97,4,12
891,5,"8",3,97,4,4
892,7,"8",3,69,8,6
893,7,"8",3,69,8,10
894,7,"8",3,72,10,9
895,7,"8",3,72,10,8
896,6,"8",3,93,13,6
897,19,"2",19,165,39,4
898,19,"2",19,174,37,8
899,19,"2",19,172,5,9
900,9,"10",3,47,23,11
901,9,"10",3,41,21,4
903,15,"5",22,130,31,2
904,15,"5",22,133,1,6
905,15,"5",22,115,8,8
906,15,"5",22,65,7,1
907,18,"1",6,181,37,4
908,18,"1",6,24,8,9
909,18,"1",6,182,5,4
910,3,"7",3,124,21,9
911,17,"1",6,183,31,4
912,8,"10",3,60,6,12
913,8,"10",3,60,6,8
914,8,"11",14,61,13,10
915,21,"2",18,146,37,4
916,21,"2",18,153,2,10
917,21,"2",18,144,35,28
918,21,"2",18,147,13,2
919,20,"3",21,143,36,4
920,20,"3",21,136,13,10
921,20,"3",21,156,39,3
922,20,"3",21,150,5,8
923,4,"7",3,108,1,8
924,4,"7",3,109,4,9
925,4,"7",3,109,4,2
926,4,"7",3,119,24,9
927,5,"8",3,89,16,2
928,5,"8",3,89,16,7
929,5,"8",3,102,24,10
930,7,"8",3,79,21,1
931,7,"8",3,79,21,7
932,7,"9",3,70,5,7
933,6,"8",3,93,13,8
934,6,"8",3,83,11,12
935,6,"8",3,83,11,7
936,19,"2",19,164,7,9
937,19,"2",19,160,8,2
938,19,"2",19,170,31,13
939,9,"10",3,41,21,11
941,15,"5",22,125,5,2
942,15,"5",22,129,11,8
943,15,"5",22,126,3,5
944,18,"1",6,184,40,9
945,18,"1",6,185,39,28
946,18,"2",23,24,8,7
947,3,"7",3,124,21,18
948,3,"7",3,114,3,6
949,3,"7",3,114,3,10
950,17,"1",6,186,7,9
951,17,"1",6,187,11,28
952,17,"1",6,188,8,9
953,17,"1",6,189,5,4
954,8,"11",14,65,7,10
955,8,"11",14,57,8,10
956,8,"11",14,61,13,11
957,21,"2",18,145,3,1
958,21,"2",18,152,5,5
959,21,"2",18,151,7,9
960,21,"2",18,154,38,6
961,20,"4",24,150,5,3
962,4,"7",3,119,24,18
963,4,"7",3,94,8,1
964,4,"7",3,94,8,18
965,5,"8",3,102,24,6
966,5,"8",3,95,1,1
967,5,"8",3,95,1,18
968,5,"9",3,89,16,6
969,7,"9",3,70,5,13
970,7,"9",3,66,24,10
971,7,"9",3,66,24,13
972,6,"8",3,91,7,9
973,6,"8",3,91,7,18
974,6,"8",3,80,4,1
975,19,"2",19,169,35,4
976,19,"2",19,166,13,23
977,19,"3",25,171,11,10
980,15,"6",26,130,31,4
981,18,"2",23,176,32,8
982,18,"2",23,178,34,1
983,18,"2",23,179,1,29
984,3,"7",3,115,8,5
985,3,"7",3,115,8,18
986,3,"7",3,83,11,9
987,3,"7",3,83,11,7
988,17,"1",6,190,32,28
989,17,"1",6,191,41,4
990,17,"1",6,192,39,4
991,17,"1",6,193,13,28
992,17,"1",6,194,34,9
993,8,"11",14,65,7,11
994,8,"11",14,57,8,11
995,8,"11",14,61,13,4
996,21,"2",18,135,11,2
997,21,"2",18,159,39,9
998,21,"2",18,137,32,15
999,21,"3",27,146,37,23
1000,20,"4",24,149,31,2
1001,20,"4",24,141,35,1
1002,4,"7",3,100,11,5
1003,4,"7",3,100,11,8
1004,4,"7",3,107,21,9
1005,4,"7",3,107,21,7
1006,5,"9",3,89,16,18
1007,5,"9",3,95,1,12
1008,5,"9",3,95,1,10
1009,5,"9",3,84,5,1
1010,7,"9",3,79,21,18
1011,7,"9",3,79,21,20
1012,7,"9",3,72,10,18
1013,6,"8",3,80,4,8
1014,6,"8",3,81,8,1
1015,6,"8",3,81,8,18
1016,6,"9",13,80,4,9
1017,19,"3",25,174,37,6
1018,19,"3",25,164,7,28
1019,19,"3",25,161,36,4
1020,19,"3",25,167,34,5
1021,15,"6",26,126,3,2
1022,15,"6",26,132,32,1
1023,15,"6",26,65,7,12
1025,18,"2",23,180,13,2
1026,18,"2",23,182,5,29
1027,18,"2",23,175,31,13
1028,16,"1",6,195,5,4
1029,3,"7",3,105,4,9
1030,3,"7",3,105,4,18
1031,3,"8",28,105,4,1
1032,17,"1",6,196,30,9
1033,17,"1",6,197,42,4
1034,17,"2",21,190,32,8
1035,8,"11",14,65,7,8
1036,8,"11",14,57,8,3
1037,21,"3",27,145,3,8
1038,21,"3",27,137,32,1
1039,20,"4",24,140,21,5
1040,20,"4",24,148,37,2
1041,20,"4",24,143,36,23
1042,20,"4",24,158,32,5
1043,4,"8",3,94,8,9
1044,5,"9",3,84,5,4
1045,5,"9",3,102,24,9
1046,5,"9",3,102,24,4
1047,7,"9",3,72,10,20
1048,7,"10",3,70,5,8
1049,6,"9",13,80,4,10
1050,6,"9",13,91,7,6
1051,6,"9",13,91,7,2
1052,6,"9",13,81,8,12
1053,19,"3",25,160,8,9
1054,19,"3",25,166,13,12
1055,19,"3",25,169,35,1
1056,19,"3",25,162,32,23
1057,15,"6",26,125,5,4
1058,15,"6",26,133,1,2
1059,15,"6",26,129,11,12
1060,18,"2",23,185,39,1
1061,18,"2",23,173,7,7
1062,18,"2",23,177,11,13
1063,16,"1",6,198,38,9
1064,16,"1",6,199,21,28
1065,16,"1",6,200,43,9
1066,3,"8",28,105,4,10
1067,3,"8",28,83,11,5
1068,3,"8",28,83,11,8
1069,3,"8",28,114,3,1
1070,17,"2",21,193,13,10
1071,17,"2",21,194,34,7
1072,17,"2",21,188,8,2
1073,17,"2",21,192,39,8
1074,21,"3",27,147,13,23
1075,21,"3",27,144,35,6
1076,21,"3",27,153,2,1
1077,20,"4",24,157,7,9
1078,20,"4",24,136,13,28
1079,20,"4",24,156,39,28
1080,20,"5",29,157,7,23
1081,4,"8",3,94,8,2
1082,4,"8",3,107,21,5
1083,4,"8",3,107,21,18
1084,5,"10",3,95,1,4
1085,7,"10",3,72,10,8
1086,7,"10",3,79,21,8
1087,7,"10",3,70,5,11
1088,6,"9",13,81,8,8
1089,6,"9",13,93,13,1
1090,6,"9",13,93,13,7
1091,6,"10",14,93,13,4
1092,19,"3",25,170,31,3
1093,19,"3",25,172,5,23
1094,19,"4",24,162,32,2
1095,15,"6",26,115,8,9
1097,18,"2",23,181,37,1
1098,18,"3",24,175,31,7
1099,16,"1",6,201,8,4
1100,16,"1",6,202,32,28
1101,16,"1",6,203,31,9
1102,3,"8",28,114,3,4
1103,3,"8",28,115,8,9
1104,3,"8",28,115,8,2
1105,3,"9",3,83,11,1
1106,17,"2",21,197,42,2
1107,17,"2",21,186,7,8
1108,17,"2",21,191,41,10
1109,17,"2",21,187,11,7
1110,21,"3",27,154,38,1
1111,21,"3",27,152,5,6
1112,21,"3",27,159,39,12
1113,20,"5",29,140,21,6
1114,20,"5",29,143,36,5
1115,20,"5",29,136,13,9
1116,4,"8",3,100,11,9
1117,4,"8",3,100,11,18
1118,4,"8",3,108,1,5
1119,5,"10",3,95,1,11
1120,5,"10",3,89,16,8
1121,5,"10",3,89,16,11
1122,5,"10",3,102,24,7
1123,7,"10",3,72,10,11
1124,7,"10",3,79,21,11
1125,7,"10",3,79,21,22
1126,6,"10",14,93,13,11
1127,6,"10",14,80,4,4
1128,6,"10",14,80,4,11
1129,19,"4",24,169,35,8
1130,19,"4",24,164,7,7
1131,19,"4",24,172,5,2
1132,19,"4",24,167,34,6
1133,15,"7",30,129,11,4
1134,18,"3",24,173,7,2
1135,18,"3",24,181,37,23
1136,18,"3",24,176,32,28
1137,18,"3",24,24,8,5
1138,16,"1",6,204,13,4
1139,16,"1",6,205,30,28
1140,16,"1",6,206,7,4
1141,16,"1",6,207,39,9
1142,3,"9",3,83,11,4
1143,3,"9",3,115,8,5
1144,3,"9",3,115,8,4
1145,3,"9",3,105,4,6
1146,17,"2",21,196,30,10
1147,17,"2",21,183,31,2
1148,17,"2",21,189,5,7
1149,21,"3",27,139,34,7
1150,21,"4",24,147,13,9
1151,20,"5",29,148,37,6
1152,20,"5",29,156,39,9
1153,20,"5",29,141,35,10
1154,31,"1",31,208,44,4
1155,4,"8",3,108,1,7
1156,4,"8",3,119,24,1
1157,4,"8",3,119,24,10
1158,4,"9",3,119,24,6
1159,5,"10",3,102,24,11
1160,5,"10",3,95,1,18
1161,7,"10",3,72,10,20
1162,7,"10",3,70,5,12
1163,6,"10",14,81,8,4
1164,6,"10",14,81,8,11
1165,19,"4",24,161,36,28
1166,19,"4",24,160,8,8
1167,19,"4",24,170,31,7
1168,15,"7",30,115,8,2
1169,15,"7",30,133,1,6
1170,15,"7",30,132,32,9
1171,15,"7",30,65,7,1
1172,18,"3",24,179,1,9
1173,18,"3",24,182,5,28
1174,18,"3",24,185,39,7
1175,16,"1",6,209,11,4
1176,16,"2",7,199,21,6
1177,3,"9",3,105,4,2
1178,3,"10",3,115,8,8
1179,17,"3",32,186,7,2
1180,21,"4",24,153,2,23
1181,21,"4",24,137,32,2
1182,21,"4",24,139,34,28
1183,20,"5",29,158,32,8
1184,20,"5",29,150,5,23
1185,20,"6",33,143,36,6
1186,31,"1",31,210,8,9
1187,31,"1",31,211,36,4
1188,31,"1",31,212,45,1
1189,31,"1",31,213,46,4
1190,4,"9",3,119,24,4
1191,4,"9",3,94,8,1
1192,4,"9",3,94,8,7
1193,4,"9",3,108,1,6
1194,5,"10",3,102,24,6
1195,6,"10",14,93,13,7
1196,19,"4",24,166,13,8
1197,19,"4",24,174,37,23
1198,19,"5",34,214,35,26
1199,15,"7",30,61,13,1
1200,15,"7",30,130,31,3
1202,18,"3",24,180,13,7
1203,18,"4",34,215,7,6
1204,16,"2",7,205,30,7
1205,16,"2",7,209,11,23
1206,16,"2",7,198,38,7
1207,16,"2",7,206,7,6
1208,3,"10",3,115,8,18
1209,3,"10",3,115,8,11
1210,3,"10",3,83,11,8
1211,17,"3",32,187,11,6
1212,17,"3",32,190,32,9
1213,17,"3",32,183,31,6
1214,17,"3",32,196,30,4
1215,21,"4",24,154,38,10
1216,21,"4",24,159,39,23
1217,21,"4",24,146,37,5
1218,20,"6",33,150,5,1
1219,20,"6",33,136,13,13
1220,20,"6",33,140,21,7
1221,20,"6",33,156,39,2
1222,31,"1",31,216,47,1
1223,31,"1",31,217,37,4
1224,31,"1",31,218,3,4
1225,31,"1",31,219,48,13
1226,4,"9",3,108,1,4
1227,4,"9",3,107,21,9
1228,4,"9",3,107,21,7
1229,4,"10",3,108,1,10
1230,6,"10",14,80,4,6
1231,19,"5",34,220,13,27
1232,19,"5",34,221,31,20
1233,19,"5",34,222,8,30
1237,18,"4",34,223,8,1
1238,18,"4",34,224,37,4
1239,18,"4",34,225,1,7
1240,18,"4",34,226,31,2
1241,16,"2",7,202,32,7
1242,16,"2",7,207,39,23
1243,16,"2",7,203,31,7
1244,30,"1",6,227,43,4
1245,3,"10",3,83,11,10
1246,3,"10",3,83,11,11
1247,17,"3",32,194,34,10
1248,17,"3",32,189,5,15
1249,17,"3",32,188,8,4
1250,17,"3",32,193,13,15
1251,21,"4",24,145,3,4
1252,21,"4",24,144,35,4
1253,20,"6",33,158,32,23
1254,20,"6",33,148,37,12
1255,20,"6",33,141,35,8
1256,20,"7",35,141,35,6
1257,31,"1",31,228,43,13
1258,31,"1",31,229,34,6
1259,31,"1",31,230,49,7
1260,4,"10",3,108,1,11
1261,4,"10",3,108,1,18
1262,4,"10",3,119,24,2
1263,19,"5",34,231,36,31
1264,19,"5",34,232,37,25
1265,19,"5",34,233,34,18
1269,15,"8",36,125,5,12
1270,18,"4",34,234,13,13
1271,18,"4",34,235,39,9
1272,18,"4",34,236,5,23
1273,16,"2",7,204,13,6
1274,16,"2",7,200,43,7
1275,16,"2",7,201,8,6
1276,30,"1",6,237,37,4
1277,30,"1",6,238,50,7
1278,30,"1",6,239,32,13
1279,30,"1",6,240,34,1
1280,17,"3",32,197,42,6
1281,17,"3",32,191,41,23
1282,17,"4",37,188,8,6
1283,21,"4",24,152,5,28
1284,21,"5",34,241,3,8
1285,20,"7",35,148,37,9
1286,20,"7",35,158,32,7
1287,20,"7",35,156,39,23
1288,31,"1",31,242,50,7
1289,31,"1",31,243,31,4
1290,31,"1",31,244,42,12
1291,4,"10",3,119,24,11
1292,4,"10",3,119,24,10
1293,4,"10",3,107,21,4
1294,19,"5",34,245,5,15
1295,19,"5",34,246,32,32
1296,19,"6",38,169,35,23
1297,15,"8",36,125,5,8
1298,15,"8",36,129,11,1
1299,18,"4",34,247,32,3
1300,18,"5",29,24,8,6
1301,16,"2",7,195,5,23
1302,16,"3",39,204,13,12
1303,30,"1",6,248,36,1
1304,30,"1",6,249,42,7
1305,30,"1",6,250,8,1
1306,30,"1",6,251,46,1
1307,17,"4",37,190,32,3
1308,17,"4",37,183,31,13
1309,17,"4",37,196,30,12
1310,21,"5",34,252,35,12
1311,21,"5",34,253,13,7
1312,21,"5",34,254,34,2
1313,21,"5",34,255,32,4
1314,20,"7",35,140,21,3
1315,20,"7",35,256,42,15
1316,20,"7",35,136,13,23
1317,31,"1",31,257,13,4
1318,31,"2",40,213,46,9
1319,4,"10",3,107,21,11
1320,4,"10",3,107,21,1
1321,19,"6",38,162,32,8
1322,19,"6",38,170,31,9
1323,19,"6",38,160,8,13
1324,15,"8",36,129,11,7
1325,15,"8",36,133,1,12
1326,15,"8",36,133,1,10
1327,18,"5",29,185,39,23
1328,18,"5",29,176,32,6
1329,18,"5",29,182,5,5
1330,16,"3",39,207,39,4
1331,16,"3",39,199,21,10
1332,16,"3",39,200,43,12
1333,30,"1",6,258,45,10
1334,30,"1",6,259,44,9
1335,30,"1",6,260,47,1
1336,30,"1",6,261,38,4
1337,17,"4",37,186,7,4
1338,17,"4",37,187,11,10
1339,17,"4",37,197,42,7
1340,17,"4",37,193,13,9
1341,29,"1",6,262,8,7
1342,21,"5",34,263,38,6
1343,21,"5",34,264,5,1
1344,21,"5",34,207,39,3
1346,31,"2",40,208,44,6
1347,31,"2",40,210,8,12
1348,31,"2",40,228,43,6
1349,31,"2",40,216,47,7
1350,19,"6",38,166,13,2
1351,19,"6",38,161,36,13
1352,19,"6",38,167,34,3
1353,15,"8",36,132,32,12
1354,15,"8",36,132,32,7
1355,15,"8",36,130,31,6
1356,15,"8",36,130,31,13
1357,18,"5",29,181,37,8
1358,18,"5",29,173,7,9
1359,18,"5",29,175,31,28
1360,16,"3",39,195,5,7
1361,16,"3",39,198,38,28
1362,16,"3",39,201,8,13
1363,16,"3",39,209,11,2
1364,30,"1",6,265,39,9
1365,30,"1",6,266,51,6
1366,30,"2",7,261,38,8
1367,17,"4",37,189,5,1
1368,17,"4",37,194,34,8
1369,17,"5",24,193,13,4
1370,29,"1",6,267,43,1
1371,29,"1",6,268,31,9
1372,29,"1",6,269,33,4
1373,21,"5",34,270,37,10
1374,21,"6",41,139,34,23
1378,31,"2",40,212,45,7
1379,31,"2",40,230,49,12
1380,31,"2",40,219,48,6
1381,31,"2",40,257,13,6
1382,19,"6",38,172,5,1
1383,19,"6",38,174,37,13
1384,19,"7",42,170,31,6
1385,15,"8",36,115,8,12
1386,15,"8",36,115,8,13
1387,15,"8",36,65,7,6
1388,18,"5",29,179,1,8
1389,18,"5",29,180,13,8
1390,18,"6",43,173,7,13
1391,16,"3",39,206,7,8
1392,16,"3",39,203,31,4
1393,16,"3",39,202,32,12
1394,30,"2",7,239,32,12
1395,30,"2",7,259,44,4
1396,17,"5",24,188,8,5
1397,17,"5",24,186,7,28
1398,17,"5",24,187,11,9
1399,28,"1",6,271,46,4
1400,29,"1",6,272,44,13
1401,29,"1",6,273,39,6
1402,29,"1",6,274,46,1
1403,21,"6",41,144,35,23
1404,21,"6",41,147,13,4
1405,21,"6",41,152,5,2
1408,20,"8",44,156,39,1
1409,31,"2",40,244,42,7
1410,31,"2",40,218,3,1
1411,31,"2",40,275,52,12
1412,19,"7",42,161,36,3
1413,19,"7",42,172,5,10
1414,19,"7",42,160,8,12
1415,15,"8",36,65,7,10
1416,15,"9",13,65,7,22
1417,18,"6",43,180,13,4
1418,18,"6",43,175,31,6
1419,18,"6",43,176,32,4
1420,18,"6",43,179,1,1
1423,16,"4",45,203,31,12
1424,30,"2",7,237,37,1
1425,30,"2",7,265,39,2
1426,30,"2",7,260,47,13
1427,30,"2",7,240,34,2
1428,17,"5",24,194,34,12
1429,17,"5",24,197,42,23
1430,17,"5",24,183,31,28
1431,28,"1",6,276,37,1
1432,28,"1",6,277,47,4
1433,28,"1",6,278,31,9
1434,28,"1",6,279,43,4
1435,29,"1",6,280,36,4
1436,29,"1",6,281,51,9
1437,29,"1",6,282,45,4
1438,21,"6",41,145,3,23
1439,21,"6",41,146,37,2
1440,21,"6",41,159,39,8
1441,20,"8",44,156,39,13
1442,20,"8",44,148,37,28
1443,20,"8",44,148,37,10
1444,31,"2",40,211,36,9
1445,31,"2",40,229,34,2
1446,31,"2",40,217,37,7
1447,19,"7",42,167,34,7
1448,19,"7",42,162,32,12
1449,19,"7",42,174,37,2
1450,15,"9",13,65,7,3
1451,15,"9",13,125,5,33
1452,15,"9",13,125,5,3
1453,15,"9",13,129,11,23
1454,18,"6",43,24,8,1
1455,18,"6",43,185,39,4
1456,18,"6",43,182,5,7
1457,16,"4",45,198,38,10
1458,16,"4",45,209,11,9
1459,16,"4",45,204,13,28
1460,16,"4",45,207,39,12
1461,30,"2",7,251,46,9
1462,30,"2",7,266,51,4
1463,30,"2",7,238,50,2
1464,30,"2",7,258,45,4
1465,17,"5",24,189,5,9
1466,17,"5",24,190,32,7
1467,17,"6",46,194,34,1
1468,28,"1",6,283,32,9
1469,28,"1",6,284,51,13
1470,28,"1",6,285,8,13
1471,28,"1",6,286,44,9
1472,29,"1",6,287,42,4
1473,29,"1",6,288,34,13
1474,29,"1",6,289,32,9
1475,29,"1",6,290,50,13
1476,21,"6",41,154,38,7
1477,21,"6",41,137,32,23
1478,21,"7",42,159,39,3
1479,20,"8",44,141,35,12
1480,20,"8",44,141,35,23
1481,20,"8",44,140,21,28
1482,20,"8",44,140,21,8
1483,31,"3",47,257,13,2
1484,19,"7",42,166,13,10
1485,19,"8",48,161,36,23
1486,15,"9",13,129,11,2
1487,15,"9",13,115,8,19
1488,15,"9",13,115,8,1
1489,15,"9",13,132,32,30
1490,18,"7",21,182,5,2
1491,16,"4",45,202,32,8
1492,16,"4",45,199,21,12
1493,30,"2",7,248,36,2
1494,30,"2",7,250,8,13
1495,30,"2",7,227,43,9
1496,30,"2",7,249,42,4
1497,17,"6",46,190,32,4
1498,17,"6",46,186,7,6
1499,17,"6",46,183,31,1
1500,17,"6",46,189,5,8
1501,28,"1",6,291,42,4
1502,28,"1",6,292,38,13
1503,28,"1",6,293,34,1
1504,28,"2",7,293,34,4
1505,29,"1",6,294,47,10
1506,29,"2",7,281,51,4
1507,21,"7",42,139,34,5
1508,21,"7",42,147,13,10
1509,21,"7",42,137,32,9
1510,20,"8",44,256,42,10
1511,20,"8",44,256,42,7
1512,20,"8",44,158,32,2
1513,20,"8",44,158,32,10
1514,31,"3",47,218,3,2
1515,31,"3",47,229,34,1
1516,31,"3",47,212,45,2
1517,31,"3",47,208,44,2
1518,19,"8",48,167,34,9
1519,19,"8",48,162,32,28
1520,19,"8",48,170,31,10
1521,19,"8",48,166,13,28
1522,15,"9",13,132,32,2
1523,15,"10",14,132,32,10
1524,18,"7",21,175,31,8
1525,18,"7",21,176,32,13
1526,18,"7",21,173,7,3
1527,16,"4",45,201,8,9
1528,16,"4",45,195,5,2
1529,16,"4",45,200,43,4
1530,16,"5",49,199,21,4
1531,30,"3",50,251,46,4
1532,17,"6",46,188,8,10
1533,17,"6",46,197,42,9
1534,17,"6",46,187,11,12
1535,28,"2",7,283,32,2
1536,28,"2",7,285,8,9
1537,28,"2",7,291,42,12
1538,28,"2",7,286,44,4
1539,29,"2",7,274,46,8
1540,29,"2",7,282,45,1
1541,29,"2",7,287,42,9
1542,29,"2",7,289,32,7
1543,21,"7",42,144,35,10
1544,21,"7",42,152,5,3
1545,20,"9",13,158,32,12
1546,31,"3",47,210,8,8
1547,31,"3",47,244,42,2
1548,31,"3",47,217,37,1
1549,19,"8",48,174,37,4
1550,19,"8",48,172,5,13
1552,15,"10",14,132,32,11
1553,15,"10",14,65,7,8
1554,15,"10",14,65,7,11
1555,27,"1",6,295,42,4
1556,18,"7",21,185,39,10
1557,18,"7",21,180,13,3
1558,18,"7",21,179,1,13
1559,18,"8",51,185,39,6
1560,16,"5",49,209,11,7
1561,16,"5",49,198,38,12
1562,30,"3",50,238,50,1
1563,30,"3",50,260,47,10
1564,30,"3",50,266,51,3
1565,30,"3",50,259,44,1
1569,28,"2",7,279,43,10
1570,28,"2",7,292,38,1
1571,28,"2",7,284,51,6
1572,28,"2",7,277,47,9
1573,29,"2",7,262,8,9
1574,29,"2",7,269,33,9
1575,29,"2",7,290,50,4
1576,21,"7",42,154,38,12
1577,21,"7",42,146,37,10
1578,21,"8",52,146,37,13
1580,20,"9",13,156,39,12
1582,20,"9",13,141,35,28
1583,31,"3",47,219,48,2
1584,31,"3",47,211,36,3
1585,31,"3",47,228,43,2
1586,31,"3",47,213,46,2
1591,15,"10",14,125,5,6
1592,15,"10",14,125,5,11
1593,15,"10",14,132,32,7
1594,27,"1",6,296,37,4
1595,27,"1",6,297,33,9
1596,27,"1",6,298,36,9
1597,18,"8",51,176,32,1
1598,18,"8",51,179,1,2
1599,18,"8",51,180,13,9
1600,18,"8",51,175,31,12
1601,16,"5",49,204,13,8
1602,16,"5",49,203,31,6
1603,16,"5",49,195,5,9
1604,30,"3",50,265,39,1
1605,30,"3",50,248,36,4
1606,30,"3",50,227,43,1
1607,30,"3",50,240,34,13
1611,28,"2",7,276,37,8
1612,28,"2",7,278,31,13
1613,28,"2",7,271,46,12
1614,28,"3",25,279,43,1
1615,29,"2",7,267,43,2
1616,29,"2",7,288,34,4
1617,29,"2",7,273,39,9
1618,21,"8",52,154,38,28
1619,21,"8",52,144,35,12
1620,21,"8",52,147,13,3
1621,21,"8",52,159,39,28
1623,20,"9",13,256,42,6
1625,20,"10",14,156,39,3
1626,31,"3",47,275,52,3
1627,31,"3",47,230,49,4
1628,31,"4",53,242,50,15
1630,19,"9",44,174,37,9
1631,15,"10",14,65,7,8
1632,15,"10",14,125,5,4
1633,27,"1",6,299,39,7
1634,27,"1",6,300,8,13
1635,27,"1",6,301,43,13
1636,18,"8",51,182,5,3
1637,18,"9",54,180,13,12
1638,16,"5",49,201,8,1
1639,16,"5",49,202,32,3
1640,16,"5",49,207,39,10
1641,16,"6",55,202,32,4
1642,30,"3",50,239,32,1
1643,30,"3",50,250,8,23
1644,30,"3",50,249,42,9
1647,17,"7",56,190,32,6
1648,28,"3",25,271,46,2
1649,28,"3",25,284,51,7
1650,28,"3",25,291,42,2
1651,28,"3",25,293,34,2
1652,29,"2",7,272,44,4
1653,29,"2",7,294,47,12
1654,29,"2",7,268,31,10
1655,21,"8",52,152,5,9
1656,21,"8",52,137,32,10
1658,20,"10",14,156,39,11
1659,20,"10",14,141,35,10
1660,20,"10",14,141,35,11
1661,20,"10",14,158,32,9
1662,31,"4",53,210,8,10
1663,31,"4",53,208,44,23
1664,31,"4",53,217,37,23
1665,19,"9",44,174,37,10
1666,19,"9",44,170,31,12
1667,19,"9",44,170,31,8
1668,27,"1",6,302,46,7
1669,27,"1",6,303,34,9
1670,27,"1",6,304,44,7
1671,18,"9",54,180,13,23
1672,18,"9",54,185,39,9
1673,18,"9",54,185,39,8
1674,18,"9",54,182,5,6
1675,16,"6",55,207,39,8
1676,16,"6",55,203,31,8
1677,16,"6",55,204,13,9
1678,16,"6",55,199,21,1
1679,30,"3",50,261,38,1
1680,30,"3",50,237,37,13
1681,30,"4",57,266,51,12
1682,17,"7",56,183,31,7
1683,17,"7",56,186,7,13
1684,17,"7",56,188,8,7
1685,17,"7",56,189,5,10
1686,28,"3",25,277,47,6
1687,28,"3",25,278,31,4
1688,28,"3",25,283,32,1
1689,29,"2",7,280,36,9
1690,29,"3",29,274,46,7
1694,20,"10",14,158,32,11
1695,20,"10",14,156,39,3
1696,31,"4",53,212,45,6
1697,31,"4",53,228,43,15
1698,31,"4",53,211,36,12
1699,19,"9",44,161,36,8
1700,19,"9",44,161,36,10
1701,19,"9",44,172,5,12
1702,19,"9",44,172,5,3
1703,27,"1",6,305,32,6
1704,27,"1",6,306,51,6
1705,27,"1",6,307,38,4
1706,18,"9",54,182,5,23
1707,18,"9",54,175,31,4
1708,18,"9",54,175,31,2
1709,26,"1",6,148,37,13
1710,16,"6",55,195,5,6
1711,16,"6",55,198,38,2
1712,16,"6",55,209,11,6
1713,16,"7",21,209,11,13
1714,30,"4",57,227,43,23
1715,30,"4",57,261,38,6
1716,30,"4",57,240,34,10
1717,17,"7",56,194,34,6
1718,17,"7",56,197,42,8
1719,17,"7",56,187,11,4
1720,17,"8",58,187,11,3
1721,28,"3",25,276,37,2
1722,28,"3",25,292,38,4
1723,28,"4",59,292,38,10
1724,29,"3",29,289,32,12
1725,29,"3",29,287,42,15
1726,29,"3",29,262,8,6
1727,29,"3",29,269,33,6
1730,21,"9",60,154,38,13
1731,20,"10",14,141,35,13
1732,20,"10",14,158,32,9
1733,31,"4",53,230,49,6
1734,31,"4",53,229,34,8
1735,31,"4",53,219,48,8
1736,19,"9",44,166,13,7
1737,19,"9",44,166,13,9
1738,19,"9",44,162,32,6
1739,19,"9",44,162,32,13
1740,27,"1",6,295,42,4
1741,18,"9",54,179,1,7
1742,18,"9",54,179,1,12
1743,18,"10",14,175,31,1
1744,26,"1",6,308,38,4
1745,26,"1",6,309,33,9
1746,26,"1",6,310,36,12
1747,26,"1",6,311,46,13
1748,16,"7",21,199,21,2
1749,16,"7",21,195,5,8
1750,16,"7",21,207,39,2
1751,30,"4",57,251,46,2
1752,30,"4",57,239,32,8
1753,30,"4",57,237,37,6
1754,30,"4",57,259,44,28
1755,17,"8",58,186,7,12
1756,17,"8",58,183,31,9
1757,17,"8",58,190,32,23
1758,17,"8",58,194,34,25
1759,28,"4",59,291,42,7
1760,28,"4",59,276,37,4
1761,28,"4",59,277,47,3
1762,28,"4",59,293,34,6
1763,29,"3",29,272,44,12
1764,29,"3",29,290,50,9
1765,29,"3",29,294,47,8
1766,21,"9",60,147,13,28
1767,21,"9",60,146,37,3
1768,21,"9",60,152,5,12
1769,31,"4",53,244,42,6
1770,31,"4",53,213,46,7
1771,31,"4",53,257,13,23
1772,19,"10",61,166,13,6
1773,27,"1",6,298,36,9
1774,27,"1",6,301,43,13
1775,27,"1",6,302,46,7
1776,18,"10",14,175,31,11
1777,18,"10",14,179,1,3
1778,18,"10",14,179,1,11
1779,25,"1",6,312,8,4
1780,26,"1",6,313,43,13
1781,26,"1",6,314,51,4
1782,26,"1",6,315,34,9
1783,26,"1",6,316,42,9
1784,16,"7",21,204,13,13
1785,16,"7",21,203,31,2
1786,16,"7",21,202,32,10
1787,30,"4",57,265,39,5
1788,30,"4",57,249,42,13
1789,30,"4",57,248,36,6
1790,30,"4",57,250,8,7
1791,17,"8",58,188,8,1
1792,17,"8",58,189,5,2
1794,28,"4",59,271,46,10
1795,28,"4",59,278,31,12
1796,28,"4",59,283,32,4
1797,28,"4",59,279,43,9
1798,29,"3",29,280,36,2
1799,29,"3",29,268,31,6
1800,29,"3",29,281,51,3
1801,29,"3",29,282,45,2
1802,21,"9",60,137,32,28
1803,21,"9",60,159,39,6
1804,21,"10",13,152,5,13
1805,31,"5",62,229,34,23
1806,19,"10",61,166,13,3
1807,19,"10",61,170,31,23
1808,19,"10",61,170,31,2
1809,19,"10",61,172,5,8
1810,27,"1",6,305,32,6
1811,27,"2",63,307,38,9
1812,18,"10",14,180,13,6
1813,18,"10",14,180,13,11
1814,18,"10",14,182,5,13
1815,18,"10",14,182,5,11
1816,25,"1",6,317,46,9
1817,25,"1",6,318,43,4
1818,25,"1",6,319,34,9
1819,25,"1",6,320,33,13
1820,26,"1",6,321,39,4
1821,26,"2",56,321,39,10
1823,30,"4",57,238,50,9
1824,30,"4",57,240,34,23
1828,28,"4",59,284,51,1
1829,28,"5",29,283,32,12
1830,29,"3",29,273,39,7
1831,29,"3",29,267,43,5
1832,29,"4",64,290,50,10
1833,21,"10",13,152,5,23
1834,21,"10",13,154,38,5
1835,21,"10",13,154,38,3
1836,31,"5",62,228,43,9
1837,31,"5",62,213,46,1
1838,19,"10",61,172,5,28
1839,19,"10",61,162,32,10
1840,19,"10",61,162,32,3
1841,27,"2",63,298,36,4
1842,27,"2",63,303,34,15
1843,27,"2",63,305,32,4
1844,27,"2",63,302,46,3
1845,18,"10",14,182,5,3
1846,25,"1",6,322,38,1
1847,25,"1",6,323,31,4
1848,26,"2",56,309,33,4
1849,26,"2",56,308,38,13
1850,26,"2",56,148,37,12
1851,26,"2",56,316,42,6
1855,30,"4",57,250,8,12
1856,30,"4",57,227,43,12
1857,30,"4",57,266,51,10
1860,17,"9",65,189,5,6
1861,28,"5",29,284,51,8
1862,28,"5",29,277,47,23
1863,28,"5",29,292,38,6
1864,29,"4",64,267,43,9
1865,29,"4",64,289,32,8
1866,29,"4",64,269,33,10
1867,21,"10",13,146,37,28
1868,21,"10",13,146,37,15
1869,21,"10",13,159,39,1
1870,21,"10",13,159,39,13
1871,31,"5",62,230,49,9
1872,31,"5",62,242,50,2
1873,31,"5",62,212,45,28
1874,19,"10",61,174,37,3
1875,19,"10",61,174,37,28
1876,19,"11",14,172,5,7
1877,27,"2",63,306,51,9
1878,27,"2",63,304,44,3
1879,27,"2",63,296,37,15
1880,27,"2",63,295,42,5
1881,24,"1",66,324,32,6
1882,18,"10",14,180,13,8
1883,25,"1",6,325,1,4
1884,25,"1",6,326,37,9
1885,25,"1",6,327,36,1
1886,25,"1",6,328,39,13
1887,26,"2",56,311,46,9
1888,26,"2",56,313,43,9
1889,26,"2",56,314,51,6
1892,16,"8",65,202,32,9
1893,30,"4",57,259,44,12
1894,30,"4",57,238,50,3
1895,30,"4",57,248,36,23
1896,30,"4",57,237,37,3
1897,17,"9",65,189,5,13
1898,17,"9",65,186,7,1
1899,17,"9",65,186,7,7
1900,17,"9",65,187,11,5
1901,28,"5",29,291,42,28
1902,28,"5",29,279,43,8
1903,28,"5",29,276,37,23
1904,28,"5",29,271,46,9
1905,29,"4",64,281,51,2
1906,29,"4",64,287,42,13
1907,29,"4",64,280,36,12
1908,29,"4",64,282,45,7
1910,31,"5",62,208,44,13
1911,31,"5",62,257,13,28
1912,31,"5",62,219,48,23
1913,19,"11",14,172,5,11
1914,19,"11",14,166,13,8
1915,19,"11",14,166,13,11
1916,19,"11",14,162,32,8
1917,27,"2",63,300,8,6
1918,27,"2",63,297,33,8
1919,27,"2",63,299,39,9
1920,24,"1",66,329,36,12
1921,24,"1",66,148,37,4
1922,24,"1",66,330,39,4
1923,24,"1",66,331,33,13
1924,18,"10",14,179,1,9
1925,25,"1",6,332,32,4
1926,25,"1",6,333,13,4
1927,25,"2",67,317,46,6
1928,26,"3",68,311,46,6
1929,16,"8",65,202,32,13
1930,16,"8",65,203,31,1
1931,16,"8",65,203,31,23
1932,16,"8",65,209,11,12
1933,30,"4",57,265,39,10
1934,30,"4",57,261,38,10
1935,30,"4",57,239,32,23
1936,17,"9",65,187,11,23
1937,17,"9",65,188,8,12
1938,17,"9",65,188,8,8
1939,17,"9",65,194,34,15
1940,28,"5",29,293,34,10
1941,28,"6",38,291,42,6
1942,29,"4",64,272,44,1
1943,29,"4",64,268,31,2
1944,29,"4",64,273,39,4
1948,21,"11",14,146,37,9
1949,31,"5",62,211,36,2
1950,31,"5",62,217,37,9
1951,31,"5",62,244,42,5
1952,19,"11",14,162,32,11
1953,19,"11",14,174,37,7
1954,19,"11",14,174,37,11
1955,27,"2",63,300,8,9
1956,23,"1",6,334,5,7
1957,24,"1",66,323,31,4
1958,24,"1",66,335,1,12
1959,24,"1",66,336,38,6
1960,25,"2",67,327,36,5
1961,25,"2",67,333,13,6
1962,25,"2",67,320,33,1
1963,26,"3",68,309,33,12
1964,26,"3",68,148,37,9
1965,26,"3",68,316,42,2
1966,26,"3",68,314,51,28
1967,16,"8",65,209,11,10
1968,16,"8",65,199,21,9
1969,16,"8",65,199,21,7
1970,16,"8",65,195,5,12
1971,16,"8",65,195,5,10
1972,30,"4",57,249,42,12
1973,30,"4",57,251,46,10
1974,30,"5",69,239,32,9
1975,17,"9",65,194,34,13
1976,17,"9",65,190,32,12
1977,17,"9",65,190,32,13
1978,17,"10",61,186,7,10
1979,28,"6",38,277,47,12
1980,28,"6",38,276,37,6
1981,29,"4",64,274,46,9
1982,29,"4",64,262,8,4
1983,29,"5",70,287,42,23
1984,21,"11",14,146,37,11
1985,21,"11",14,154,38,2
1986,21,"11",14,154,38,11
1987,31,"5",62,212,45,4
1988,19,"11",14,166,13,8
1989,27,"2",63,296,37,1
1990,27,"2",63,298,36,6
1991,27,"2",63,302,46,13
1992,27,"2",63,303,34,7
1993,23,"1",6,337,39,9
1994,23,"1",6,338,38,4
1995,23,"1",6,339,36,12
1996,23,"1",6,340,35,9
1997,24,"1",66,341,43,13
1998,24,"1",66,342,34,4
1999,25,"2",67,323,31,9
2000,25,"2",67,319,34,6
2001,25,"2",67,325,1,9
2002,26,"3",68,321,39,28
2004,16,"8",65,204,13,3
2005,16,"8",65,204,13,7
2006,16,"9",13,195,5,3
2007,30,"5",69,248,36,12
2008,30,"5",69,238,50,12
2009,30,"5",69,237,37,7
2010,30,"5",69,251,46,12
2011,17,"10",61,186,7,3
2012,17,"10",61,187,11,1
2013,17,"10",61,187,11,2
2014,17,"10",61,188,8,23
2015,28,"6",38,284,51,28
2016,28,"6",38,271,46,8
2017,28,"6",38,283,32,7
2018,28,"6",38,292,38,12
2019,29,"5",70,273,39,1
2020,29,"5",70,267,43,4
2021,29,"5",70,272,44,23
2022,29,"5",70,289,32,1
2023,21,"11",14,159,39,7
2024,21,"11",14,159,39,11
2025,21,"11",14,152,5,6
2026,31,"5",62,211,36,23
2027,31,"5",62,219,48,12
2028,31,"5",62,228,43,4
2029,31,"5",62,257,13,7
2030,19,"11",14,162,32,9
2031,19,"11",14,174,37,4
2032,27,"2",63,307,38,6
2033,27,"2",63,306,51,23
2034,27,"2",63,297,33,7
2035,23,"1",6,343,1,9
2036,23,"1",6,344,37,4
2037,23,"1",6,345,43,12
2038,23,"1",6,346,51,7
2039,24,"1",66,347,53,4
2040,24,"1",66,348,42,1
2041,24,"2",7,329,36,4
2042,25,"2",67,326,37,1
2043,25,"2",67,312,8,9
2044,25,"2",67,318,43,12
2049,16,"9",13,195,5,30
2050,16,"9",13,199,21,8
2051,16,"9",13,199,21,15
2052,30,"5",69,249,42,15
2053,30,"5",69,240,34,9
2054,30,"5",69,259,44,2
2055,30,"5",69,266,51,9
2056,17,"10",61,188,8,3
2057,17,"10",61,194,34,4
2058,17,"10",61,194,34,3
2059,17,"10",61,189,5,23
2060,28,"6",38,293,34,8
2061,28,"6",38,279,43,28
2062,28,"7",42,276,37,7
2063,29,"5",70,262,8,5
2064,29,"5",70,274,46,23
2065,29,"5",70,268,31,1
2066,21,"11",14,152,5,11
2067,21,"11",14,159,39,13
2068,31,"5",62,213,46,12
2069,31,"5",62,230,49,1
2070,27,"2",63,299,39,6
2071,27,"2",63,305,32,10
2072,27,"2",63,304,44,4
2073,23,"1",6,349,34,4
2074,23,"1",6,350,42,7
2075,24,"2",7,341,43,9
2076,24,"2",7,331,33,10
2077,25,"2",67,332,32,1
2078,25,"2",67,328,39,9
2079,25,"2",67,322,38,12
2081,26,"4",14,316,42,12
2082,16,"9",13,204,13,2
2083,16,"9",13,204,13,34
2084,16,"9",13,209,11,3
2085,16,"9",13,209,11,19
2086,30,"5",69,227,43,6
2087,30,"5",69,250,8,6
2088,30,"6",71,237,37,10
2089,17,"10",61,189,5,12
2090,17,"11",14,194,34,12
2091,28,"7",42,293,34,12
2092,28,"7",42,291,42,1
2093,28,"7",42,271,46,23
2094,29,"5",70,280,36,1
2095,29,"5",70,290,50,8
2096,29,"5",70,282,45,28
2097,21,"11",14,154,38,2
2098,21,"11",14,152,5,3
2099,31,"5",62,229,34,7
2100,31,"5",62,242,50,4
2101,27,"2",63,295,42,8
2102,27,"3",24,295,42,12
2103,23,"1",6,351,8,9
2104,23,"1",6,352,32,4
2105,24,"2",7,323,31,9
2106,24,"2",7,353,46,7
2107,24,"2",7,330,39,12
2108,22,"1",6,354,42,4
2109,25,"2",67,327,36,8
2110,26,"4",14,316,42,11
2111,26,"4",14,321,39,9
2112,26,"4",14,321,39,11
2113,26,"4",14,314,51,23
2114,16,"9",13,202,32,6
2115,16,"9",13,202,32,27
2116,16,"10",14,209,11,7
2117,30,"6",71,259,44,3
2118,30,"6",71,266,51,23
2119,30,"6",71,250,8,4
2120,30,"6",71,240,34,28
2121,17,"11",14,194,34,11
2122,17,"11",14,187,11,6
2123,17,"11",14,187,11,11
2124,28,"7",42,284,51,10
2125,28,"7",42,279,43,3
2126,28,"7",42,292,38,7
2127,28,"7",42,277,47,2
2128,29,"5",70,281,51,6
2129,29,"6",72,282,45,13
2130,31,"5",62,208,44,28
2131,31,"5",62,217,37,8
2133,27,"3",24,296,37,7
2134,27,"3",24,305,32,2
2135,27,"3",24,302,46,28
2136,23,"2",27,339,36,6
2137,24,"2",7,348,42,4
2138,24,"2",7,148,37,23
2139,24,"2",7,324,32,4
2140,22,"1",6,355,13,9
2141,22,"1",6,356,11,9
2142,22,"1",6,357,33,1
2143,22,"1",6,358,4,4
2144,25,"2",67,332,32,2
2145,25,"2",67,328,39,10
2146,25,"2",67,318,43,8
2147,25,"2",67,323,31,3
2148,26,"4",14,314,51,11
2149,16,"10",14,209,11,11
2150,16,"10",14,204,13,8
2151,16,"10",14,204,13,11
2152,30,"6",71,239,32,10
2153,30,"6",71,248,36,7
2154,30,"6",71,238,50,28
2155,30,"6",71,249,42,1
2156,17,"11",14,188,8,7
2157,17,"11",14,188,8,11
2158,17,"11",14,189,5,15
2159,28,"8",73,359,51,23
2160,29,"6",72,281,51,23
2161,29,"6",72,289,32,2
2162,29,"6",72,274,46,4
2163,29,"6",72,268,31,4
2167,27,"3",24,297,33,12
2168,27,"3",24,306,51,12
2169,27,"3",24,300,8,8
2170,27,"3",24,303,34,5
2171,14,"1",6,360,5,4
2172,23,"2",27,345,43,1
2173,23,"2",27,349,34,6
2174,23,"2",27,338,38,9
2175,24,"2",7,342,34,12
2176,24,"2",7,347,53,10
2177,24,"2",7,336,38,4
2178,24,"3",74,323,31,1
2179,22,"1",6,361,7,6
2180,22,"1",6,362,38,4
2181,22,"1",6,363,32,7
2182,22,"1",6,364,36,1
2183,25,"2",67,322,38,8
2184,25,"2",67,319,34,2
2185,25,"2",67,317,46,3
2186,16,"10",14,195,5,6
2187,16,"10",14,195,5,11
2188,16,"10",14,202,32,8
2189,16,"10",14,202,32,11
2190,30,"6",71,251,46,3
2191,30,"7",75,251,46,7
2192,17,"11",14,189,5,11
2195,28,"8",73,279,43,7
2196,28,"8",73,276,37,13
2197,28,"8",73,291,42,10
2198,28,"8",73,271,46,6
2199,29,"6",72,290,50,12
2200,29,"6",72,272,44,2
2201,29,"6",72,262,8,8
2206,27,"3",24,299,39,28
2207,27,"3",24,304,44,2
2208,27,"3",24,307,38,3
2209,27,"4",65,300,8,4
2210,14,"1",6,365,2,9
2211,14,"1",6,366,31,4
2212,14,"1",6,367,11,9
2213,14,"1",6,368,6,4
2214,23,"2",27,343,1,12
2215,23,"2",27,346,51,4
2216,23,"2",27,344,37,9
2217,23,"2",27,350,42,6
2218,24,"3",74,347,53,9
2219,24,"3",74,330,39,15
2220,24,"3",74,353,46,1
2221,22,"1",6,369,31,4
2222,22,"1",6,370,39,6
2223,22,"1",6,371,37,9
2224,22,"2",21,357,33,8
2225,25,"2",67,325,1,13
2226,25,"2",67,312,8,8
2227,25,"2",67,333,13,13
2230,30,"7",75,239,32,6
2231,30,"7",75,238,50,10
2232,30,"7",75,240,34,12
2235,17,"11",14,187,11,4
2236,28,"8",73,277,47,7
2237,28,"8",73,293,34,28
2239,29,"6",72,267,43,28
2240,29,"6",72,280,36,8
2241,29,"6",72,287,42,12
2245,31,"6",76,228,43,1
2246,27,"4",65,304,44,1
2247,27,"4",65,303,34,3
2248,27,"4",65,297,33,13
2249,27,"4",65,307,38,10
2250,13,"1",6,372,31,4
2251,14,"1",6,373,32,9
2252,14,"1",6,374,1,4
2253,14,"1",6,375,8,4
2254,23,"2",27,340,35,3
2255,23,"2",27,352,32,7
2256,23,"2",27,337,39,10
2257,23,"2",27,334,5,9
2258,24,"3",74,331,33,9
2259,24,"3",74,348,42,6
2260,24,"3",74,329,36,8
2261,22,"2",21,361,7,3
2262,22,"2",21,358,4,13
2263,22,"2",21,376,46,13
2264,25,"2",67,326,37,4
2265,25,"3",77,319,34,3
2268,16,"10",14,209,11,13
2269,30,"7",75,237,37,9
2270,30,"7",75,266,51,1
2271,30,"7",75,249,42,10
2272,17,"11",14,188,8,10
2273,17,"11",14,189,5,8
2277,29,"7",78,272,44,10
2278,31,"6",76,229,34,9
2279,31,"6",76,230,49,2
2280,31,"6",76,219,48,4
2281,27,"4",65,295,42,15
2282,27,"4",65,296,37,13
2283,27,"4",65,306,51,13
2284,27,"4",65,302,46,1
2285,13,"1",6,377,8,12
2286,13,"1",6,378,13,4
2287,13,"1",6,379,7,12
2288,13,"1",6,380,30,4
2289,14,"1",6,381,7,9
2290,14,"1",6,382,13,9
2291,14,"1",6,383,30,4
2292,14,"1",6,384,21,9
2293,23,"2",27,351,8,6
2294,23,"3",79,340,35,7
2295,24,"3",74,336,38,23
2296,24,"3",74,341,43,7
2297,24,"3",74,342,34,8
2298,22,"2",21,370,39,2
2299,22,"2",21,354,42,13
2300,22,"2",21,369,31,2
2301,22,"2",21,364,36,4
2302,25,"3",77,328,39,4
2303,25,"3",77,332,32,6
2304,25,"3",77,385,46,23
2305,25,"3",77,327,36,12
2306,16,"10",14,195,5,7
2307,16,"10",14,202,32,7
2308,30,"7",75,250,8,9
2309,30,"7",75,248,36,9
2314,28,"9",80,293,34,7
2315,29,"7",78,282,45,12
2316,29,"7",78,267,43,10
2317,31,"6",76,208,44,9
2318,31,"6",76,257,13,9
2319,31,"6",76,211,36,8
2320,27,"4",65,299,39,4
2321,27,"5",29,302,46,9
2322,13,"1",6,63,21,12
2323,13,"1",6,386,32,4
2324,13,"1",6,387,1,12
2325,14,"2",7,368,6,6
2326,23,"3",79,345,43,7
2327,23,"3",79,349,34,10
2328,23,"3",79,344,37,10
2329,23,"3",79,337,39,4
2330,24,"3",74,324,32,9
2331,24,"4",24,324,32,2
2332,22,"2",21,371,37,4
2333,22,"2",21,362,38,13
2334,25,"3",77,326,37,8
2335,25,"3",77,333,13,7
2336,25,"3",77,318,43,23
2337,25,"3",77,323,31,23
2341,28,"9",80,293,34,23
2342,28,"9",80,359,51,3
2343,28,"9",80,359,51,9
2344,29,"7",78,289,32,23
2345,29,"7",78,262,8,1
2346,29,"7",78,290,50,3
2347,31,"6",76,217,37,6
2348,31,"6",76,213,46,13
2349,31,"6",76,212,45,9
2351,27,"5",29,300,8,12
2352,27,"5",29,307,38,15
2353,27,"5",29,297,33,23
2354,13,"1",6,388,2,4
2355,13,"1",6,389,11,12
2356,13,"1",6,390,5,12
2357,13,"1",6,391,10,4
2358,14,"2",7,373,32,7
2359,14,"2",7,374,1,6
2360,14,"2",7,365,2,7
2361,23,"3",79,351,8,4
2362,23,"3",79,350,42,12
2363,23,"3",79,338,38,12
2364,23,"3",79,343,1,13
2365,24,"4",24,323,31,2
2366,24,"4",24,329,36,9
2367,24,"4",24,347,53,5
2368,24,"4",24,353,46,4
2369,22,"2",21,356,11,10
2370,22,"2",21,363,32,8
2371,22,"3",24,363,32,28
2372,25,"3",77,312,8,13
2373,25,"3",77,322,38,15
2374,25,"4",24,326,37,6
2378,28,"9",80,271,46,13
2379,28,"9",80,271,46,1
2380,28,"9",80,291,42,8
2381,28,"9",80,291,42,23
2382,29,"7",78,287,42,1
2383,29,"7",78,281,51,10
2384,29,"7",78,274,46,3
2385,29,"7",78,280,36,10
2389,27,"5",29,306,51,7
2390,27,"5",29,295,42,28
2391,27,"5",29,303,34,6
2392,27,"5",29,299,39,5
2393,12,"1",6,392,13,9
2394,13,"2",72,387,1,7
2395,14,"2",7,383,30,6
2396,14,"2",7,382,13,7
2397,14,"2",7,384,21,7
2398,23,"3",79,339,36,13
2399,23,"3",79,352,32,1
2400,23,"3",79,334,5,1
2401,23,"4",81,338,38,15
2402,24,"4",24,336,38,12
2403,24,"4",24,342,34,28
2404,24,"4",24,341,43,4
2405,22,"3",24,356,11,5
2406,22,"3",24,354,42,9
2407,22,"3",24,371,37,28
2408,22,"3",24,361,7,7
2409,25,"4",24,312,8,12
2410,25,"4",24,327,36,28
2411,25,"4",24,323,31,28
2413,30,"8",82,240,34,4
2414,28,"9",80,279,43,6
2415,28,"9",80,279,43,2
2416,28,"9",80,276,37,10
2417,29,"8",83,280,36,7
2422,27,"5",29,296,37,6
2423,27,"6",42,296,37,28
2424,12,"1",6,393,7,4
2425,12,"1",6,394,21,4
2426,12,"1",6,395,23,9
2427,12,"1",6,396,6,4
2428,13,"2",72,378,13,6
2429,13,"2",72,63,21,7
2430,13,"2",72,386,32,6
2431,13,"2",72,377,8,7
2432,14,"2",7,360,5,6
2433,14,"2",7,381,7,7
2434,14,"2",7,366,31,6
2435,14,"2",7,367,11,7
2436,23,"4",81,339,36,3
2437,23,"4",81,345,43,9
2438,23,"4",81,334,5,10
2439,23,"4",81,343,1,3
2440,24,"4",24,348,42,12
2441,24,"4",24,330,39,9
2442,24,"5",29,342,34,9
2443,22,"3",24,370,39,9
2444,22,"3",24,355,13,10
2445,22,"3",24,357,33,9
2446,25,"4",24,333,13,12
2447,25,"4",24,328,39,23
2448,25,"4",24,322,38,28
2449,25,"4",24,318,43,9
2450,30,"8",82,249,42,8
2451,30,"8",82,248,36,10
2452,30,"8",82,239,32,3
2453,28,"9",80,276,37,12
2454,28,"10",13,279,43,10
2455,29,"8",83,281,51,12
2456,29,"8",83,287,42,8
2457,29,"8",83,290,50,2
2458,29,"8",83,267,43,12
2460,27,"6",42,303,34,10
2461,27,"6",42,307,38,13
2462,27,"6",42,297,33,1
2463,12,"1",6,397,2,9
2464,12,"1",6,398,54,4
2465,12,"1",6,399,11,9
2466,12,"1",6,400,8,4
2467,13,"2",72,388,2,6
2468,13,"2",72,390,5,7
2469,13,"2",72,391,10,6
2470,14,"2",7,375,8,6
2471,14,"3",84,365,2,8
2472,23,"4",81,351,8,12
2473,23,"4",81,340,35,1
2474,23,"4",81,350,42,8
2475,24,"5",29,323,31,23
2476,24,"5",29,341,43,12
2477,24,"5",29,353,46,23
2478,22,"3",24,364,36,8
2479,22,"3",24,362,38,5
2480,22,"3",24,369,31,1
2481,25,"4",24,325,1,2
2482,25,"4",24,319,34,7
2483,25,"4",24,332,32,9
2484,25,"5",29,332,32,23
2485,30,"8",82,250,8,10
2486,30,"8",82,251,46,23
2487,28,"10",13,279,43,12
2488,28,"10",13,276,37,1
2489,28,"10",13,276,37,28
2490,29,"8",83,274,46,13
2491,29,"8",83,282,45,9
2492,29,"8",83,262,8,2
2494,27,"6",42,299,39,3
2495,27,"6",42,295,42,1
2496,27,"6",42,302,46,23
2497,11,"1",6,18,7,4
2498,12,"1",6,401,10,9
2499,12,"1",6,133,1,4
2500,12,"2",7,397,2,7
2501,13,"2",72,379,7,7
2502,13,"2",72,380,30,6
2503,13,"2",72,389,11,7
2504,14,"3",84,360,5,2
2505,14,"3",84,383,30,9
2506,14,"3",84,368,6,8
2507,14,"3",84,367,11,2
2508,23,"4",81,352,32,23
2509,23,"4",81,344,37,12
2510,23,"4",81,337,39,6
2511,23,"5",24,339,36,9
2512,24,"5",29,330,39,1
2513,24,"5",29,324,32,10
2514,24,"5",29,336,38,7
2515,22,"4",29,370,39,23
2516,25,"5",29,325,1,5
2517,25,"5",29,333,13,9
2518,25,"5",29,323,31,6
2519,25,"5",29,319,34,12
2520,30,"8",82,238,50,4
2521,30,"8",82,266,51,13
2523,28,"10",13,291,42,12
2524,28,"10",13,291,42,15
2525,28,"10",13,271,46,2
2530,27,"6",42,306,51,3
2531,27,"6",42,300,8,7
2532,27,"7",85,303,34,23
2533,11,"1",6,10,2,12
2534,11,"1",6,13,10,4
2535,11,"1",6,12,8,12
2536,11,"1",6,402,3,12
2537,12,"2",7,398,54,6
2538,12,"2",7,392,13,7
2539,12,"2",7,400,8,6
2540,13,"3",84,377,8,9
2541,14,"3",84,382,13,5
2542,14,"3",84,373,32,2
2543,14,"3",84,374,1,7
2544,23,"5",24,338,38,23
2545,23,"5",24,345,43,28
2546,23,"5",24,351,8,28
2547,23,"5",24,352,32,10
2548,24,"5",29,329,36,23
2549,24,"5",29,348,42,28
2550,24,"6",86,348,42,8
2551,22,"4",29,361,7,5
2552,22,"4",29,369,31,8
2553,22,"4",29,356,11,23
2554,22,"4",29,354,42,6
2555,25,"5",29,318,43,2
2556,25,"5",29,312,8,6
2557,25,"5",29,326,37,3
2563,28,"10",13,271,46,28
2564,28,"10",13,293,34,4
2565,28,"10",13,293,34,9
2569,29,"9",52,287,42,2
2570,27,"7",85,297,33,2
2571,27,"7",85,300,8,15
2572,27,"7",85,306,51,1
2573,11,"1",6,11,1,12
2574,11,"1",6,17,13,4
2575,11,"1",6,15,12,4
2576,11,"1",6,403,6,12
2577,12,"2",7,395,23,7
2578,12,"2",7,133,1,6
2579,12,"2",7,401,10,7
2580,12,"2",7,396,6,6
2581,13,"3",84,379,7,2
2582,13,"3",84,391,10,2
2583,13,"3",84,378,13,8
2584,14,"3",84,384,21,2
2585,14,"3",84,375,8,13
2586,14,"3",84,366,31,2
2587,14,"4",87,373,32,1
2588,23,"5",24,334,5,12
2589,23,"5",24,343,1,8
2590,23,"5",24,337,39,1
2591,24,"6",86,330,39,2
2592,24,"6",86,329,36,10
2593,24,"6",86,323,31,7
2594,22,"4",29,357,33,4
2595,22,"4",29,371,37,12
2596,22,"4",29,363,32,9
2597,22,"4",29,362,38,8
2598,25,"5",29,322,38,9
2599,25,"5",29,327,36,23
2600,25,"6",88,327,36,3
2603,30,"9",13,250,8,13
2604,28,"11",4,291,42,7
2605,29,"9",52,290,50,23
2606,29,"9",52,262,8,12
2607,29,"9",52,280,36,3
2608,27,"7",85,296,37,9
2609,27,"7",85,307,38,12
2610,27,"7",85,302,46,8
2611,27,"7",85,299,39,12
2612,11,"1",6,14,11,4
2613,11,"1",6,16,5,12
2614,11,"1",6,63,21,4
2615,11,"2",72,12,8,7
2616,12,"2",7,393,7,6
2617,12,"2",7,399,11,7
2618,12,"2",7,394,21,6
2619,13,"3",84,388,2,1
2620,13,"3",84,389,11,2
2621,13,"3",84,380,30,5
2622,14,"4",87,382,13,10
2623,14,"4",87,384,21,1
2624,14,"4",87,374,1,10
2625,14,"4",87,366,31,10
2626,23,"5",24,350,42,28
2627,23,"6",21,351,8,13
2628,24,"6",86,324,32,13
2629,24,"6",86,336,38,3
2630,24,"6",86,342,34,1
2631,22,"4",29,355,13,6
2632,22,"5",34,404,37,1
2633,25,"6",88,319,34,10
2634,25,"6",88,323,31,8
2635,25,"6",88,332,32,10
2636,30,"9",13,250,8,3
2637,30,"9",13,248,36,2
2638,30,"9",13,248,36,28
2639,30,"9",13,249,42,9
2640,28,"11",4,291,42,11
2641,28,"11",4,279,43,9
2642,28,"11",4,279,43,11
2643,29,"9",52,282,45,6
2644,29,"9",52,274,46,10
2645,29,"9",52,281,51,7
2647,27,"8",13,299,39,13
2648,11,"2",72,15,12,6
2649,11,"2",72,11,1,7
2650,11,"2",72,403,6,7
2651,12,"3",89,393,7,9
2652,13,"3",84,390,5,2
2653,13,"3",84,387,1,4
2654,13,"3",84,63,21,2
2655,13,"4",9,379,7,1
2656,14,"4",87,383,30,1
2657,14,"4",87,375,8,7
2658,14,"4",87,368,6,12
2659,23,"6",21,350,42,10
2660,23,"6",21,343,1,4
2661,23,"6",21,337,39,2
2662,24,"6",86,335,1,2
2663,24,"7",88,330,39,10
2664,22,"5",34,405,33,12
2665,22,"5",34,406,31,1
2666,22,"5",34,407,13,13
2667,22,"5",34,408,11,4
2668,25,"6",88,312,8,7
2669,25,"6",88,326,37,23
2670,25,"6",88,325,1,6
2671,30,"9",13,249,42,28
2672,30,"9",13,266,51,3
2673,30,"9",13,266,51,28
2674,30,"9",13,238,50,1
2675,28,"11",4,276,37,23
2676,28,"11",4,276,37,11
2677,28,"11",4,271,46,12
2682,27,"8",13,299,39,7
2683,27,"8",13,302,46,5
2684,27,"8",13,302,46,7
2685,27,"8",13,306,51,28
2686,11,"2",72,18,7,6
2687,11,"2",72,16,5,7
2688,11,"2",72,402,3,7
2689,11,"2",72,13,10,6
2690,12,"3",89,392,13,4
2691,12,"3",89,400,8,2
2692,12,"3",89,398,54,2
2693,12,"3",89,396,6,2
2694,13,"4",9,63,21,10
2695,13,"4",9,388,2,12
2696,13,"4",9,380,30,10
2697,14,"4",87,360,5,1
2698,14,"4",87,367,11,1
2699,14,"5",90,384,21,8
2700,23,"6",21,334,5,4
2701,23,"6",21,345,43,3
2702,23,"6",21,339,36,8
2703,23,"6",21,338,38,3
2704,24,"7",88,329,36,1
2705,24,"7",88,348,42,15
2706,24,"7",88,323,31,3
2707,22,"5",34,409,42,2
2708,22,"5",34,410,38,7
2709,22,"5",34,411,39,12
2710,22,"5",34,412,32,10
2711,25,"6",88,322,38,2
2712,25,"6",88,333,13,3
2713,25,"7",42,332,32,12
2714,30,"9",13,238,50,23
2715,30,"9",13,251,46,1
2716,30,"9",13,251,46,28
2717,30,"10",4,251,46,12
2718,28,"11",4,271,46,11
2720,29,"10",13,274,46,4
2721,27,"8",13,306,51,6
2722,27,"8",13,300,8,3
2723,27,"8",13,300,8,13
2724,11,"2",72,10,2,7
2725,11,"2",72,14,11,6
2726,11,"2",72,17,13,6
2727,11,"3",91,16,5,8
2728,12,"3",89,394,21,8
2729,12,"3",89,395,23,5
2730,12,"3",89,397,2,10
2731,12,"3",89,133,1,2
2732,13,"4",9,387,1,9
2733,13,"4",9,377,8,10
2734,13,"4",9,390,5,1
2735,13,"4",9,391,10,10
2736,14,"5",90,374,1,13
2737,14,"5",90,360,5,13
2738,14,"5",90,382,13,3
2739,14,"5",90,367,11,8
2740,23,"6",21,352,32,13
2741,23,"7",35,352,32,6
2742,24,"7",88,342,34,10
2743,24,"7",88,336,38,13
2744,24,"7",88,324,32,3
2746,22,"6",41,354,42,7
2747,25,"7",42,322,38,10
2748,25,"7",42,327,36,7
2749,25,"7",42,325,1,10
2750,30,"10",4,251,46,11
2751,30,"10",4,250,8,10
2752,30,"10",4,250,8,11
2753,30,"10",4,266,51,1
2754,29,"10",13,274,46,12
2755,29,"10",13,287,42,1
2756,29,"10",13,287,42,28
2757,27,"8",13,297,33,28
2758,27,"8",13,297,33,9
2759,27,"8",13,296,37,3
2760,11,"3",91,15,12,5
2761,11,"3",91,10,2,9
2762,11,"3",91,402,3,8
2763,11,"3",91,18,7,5
2764,12,"3",89,399,11,2
2765,12,"4",92,396,6,10
2766,13,"4",9,389,11,9
2767,13,"5",93,387,1,1
2768,14,"5",90,375,8,3
2769,14,"5",90,383,30,8
2770,14,"5",90,368,6,13
2771,23,"7",35,351,8,2
2772,23,"7",35,334,5,15
2773,23,"7",35,338,38,7
2774,23,"7",35,339,36,1
2778,22,"6",41,371,37,23
2779,22,"6",41,357,33,28
2780,22,"6",41,355,13,23
2781,22,"6",41,369,31,6
2782,25,"7",42,312,8,1
2783,25,"7",42,333,13,10
2784,25,"7",42,326,37,28
2785,30,"10",4,266,51,11
2786,30,"10",4,238,50,4
2787,30,"10",4,238,50,11
2788,29,"10",13,282,45,13
2789,29,"10",13,282,45,23
2790,29,"10",13,290,50,10
2791,27,"8",13,296,37,4
2792,27,"9",14,302,46,3
2793,11,"3",91,17,13,9
2794,11,"3",91,11,1,8
2795,11,"3",91,13,10,5
2796,12,"4",92,398,54,12
2797,12,"4",92,397,2,12
2798,12,"4",92,395,23,10
2799,12,"4",92,399,11,5
2800,13,"5",93,388,2,7
2801,13,"5",93,380,30,2
2802,13,"5",93,389,11,8
2803,14,"5",90,366,31,3
2805,23,"7",35,350,42,9
2806,23,"7",35,345,43,8
2807,23,"7",35,337,39,20
2810,24,"8",94,342,34,7
2811,22,"6",41,363,32,23
2812,22,"6",41,356,11,26
2813,22,"6",41,362,38,23
2814,25,"7",42,319,34,15
2815,25,"8",94,312,8,15
2816,29,"10",13,290,50,7
2817,29,"10",13,281,51,9
2818,29,"10",13,281,51,28
2819,27,"9",14,302,46,11
2820,27,"9",14,299,39,4
2821,11,"3",91,14,11,9
2822,11,"3",91,12,8,8
2824,12,"4",92,394,21,10
2825,12,"4",92,392,13,12
2826,12,"4",92,400,8,10
2827,13,"5",93,377,8,2
2828,13,"5",93,391,10,8
2829,13,"5",93,63,21,1
2830,13,"5",93,390,5,9
2832,14,"6",95,383,30,2
2833,23,"8",42,350,42,4
2834,24,"8",94,342,34,3
2835,24,"8",94,324,32,28
2836,24,"8",94,324,32,7
2837,24,"8",94,330,39,3
2838,22,"6",41,370,39,7
2839,22,"7",52,357,33,6
2840,25,"8",94,312,8,2
2841,25,"8",94,319,34,5
2842,25,"8",94,319,34,4
2843,25,"8",94,332,32,3
2844,29,"10",13,280,36,10
2845,29,"10",13,280,36,28
2846,29,"11",4,280,36,3
2847,27,"9",14,299,39,11
2848,27,"9",14,297,33,1
2853,12,"4",92,133,1,5
2854,12,"5",96,399,11,8
2855,13,"6",97,377,8,4
2856,14,"6",95,360,5,9
2857,14,"6",95,368,6,2
2858,14,"6",95,382,13,8
2859,23,"8",42,352,32,12
2860,23,"8",42,334,5,3
2861,23,"8",42,338,38,6
2862,23,"8",42,351,8,1
2863,24,"8",94,330,39,23
2864,24,"8",94,348,42,9
2865,24,"8",94,348,42,10
2866,22,"7",52,354,42,8
2867,22,"7",52,369,31,9
2868,22,"7",52,370,39,1
2869,25,"8",94,332,32,7
2870,25,"8",94,333,13,8
2871,25,"8",94,333,13,23
2872,25,"8",94,326,37,12
2873,29,"11",4,280,36,11
2874,29,"11",4,290,50,8
2875,29,"11",4,290,50,11
2876,27,"9",14,297,33,11
2877,27,"9",14,296,37,15
2878,27,"9",14,296,37,11
2882,12,"5",96,400,8,12
2883,12,"5",96,395,23,6
2884,13,"6",97,380,30,9
2885,13,"6",97,63,21,6
2886,13,"6",97,390,5,6
2887,13,"6",97,391,10,1
2888,14,"6",95,366,31,9
2889,14,"6",95,374,1,12
2890,14,"6",95,384,21,4
2891,14,"6",95,375,8,2
2892,23,"8",42,345,43,23
2893,23,"8",42,413,51,12
2895,24,"8",94,336,38,5
2896,24,"8",94,336,38,10
2897,24,"9",13,324,32,12
2898,22,"7",52,362,38,9
2899,22,"7",52,363,32,12
2900,22,"7",52,371,37,13
2901,22,"7",52,355,13,7
2902,25,"8",94,326,37,7
2903,25,"8",94,322,38,6
2904,25,"8",94,322,38,13
2905,25,"9",13,319,34,1
2906,29,"11",4,281,51,10
2907,29,"11",4,281,51,11
2908,29,"11",4,287,42,4
2909,29,"11",4,287,42,11
2911,11,"5",98,11,1,6
2912,12,"5",96,396,6,9
2913,12,"5",96,394,21,2
2914,12,"5",96,133,1,9
2915,12,"5",96,398,54,9
2916,13,"6",97,387,1,2
2917,13,"6",97,389,11,6
2918,13,"7",28,63,21,4
2925,24,"9",13,324,32,23
2926,24,"9",13,336,38,9
2927,24,"9",13,336,38,1
2928,24,"9",13,348,42,7
2929,22,"8",99,369,31,10
2930,25,"9",13,319,34,23
2931,25,"9",13,332,32,28
2932,25,"9",13,332,32,15
2933,25,"9",13,322,38,3
2934,11,"5",98,15,12,1
2935,11,"5",98,10,2,6
2936,11,"5",98,18,7,2
2937,11,"5",98,13,10,9
2938,12,"5",96,392,13,8
2939,12,"6",100,133,1,8
2940,13,"7",28,389,11,1
2941,13,"7",28,380,30,7
2942,13,"7",28,377,8,1
2943,13,"7",28,390,5,10
2948,23,"9",60,334,5,8
2949,24,"9",13,348,42,2
2950,24,"9",13,342,34,2
2951,22,"8",99,370,39,12
2952,22,"8",99,357,33,7
2953,22,"8",99,355,13,12
2954,22,"8",99,363,32,3
2955,25,"9",13,322,38,7
2956,25,"9",13,333,13,28
2957,25,"9",13,333,13,1
2958,25,"9",13,326,37,13
2959,11,"5",98,12,8,2
2960,11,"5",98,17,13,7
2961,11,"5",98,16,5,9
2962,12,"6",100,400,8,1
2963,12,"6",100,396,6,5
2964,12,"6",100,392,13,6
2965,13,"7",28,387,1,8
2966,13,"8",101,377,8,6
2970,23,"9",60,338,38,5
2971,23,"9",60,413,51,23
2972,23,"9",60,350,42,15
2973,23,"9",60,345,43,5
2974,24,"9",13,342,34,6
2975,24,"10",14,336,38,12
2976,22,"8",99,362,38,7
2977,22,"9",13,355,13,8
2978,25,"9",13,326,37,10
2979,25,"10",14,319,34,10
2980,11,"6",87,18,7,10
2981,12,"6",100,398,54,8
2982,12,"6",100,394,21,12
2983,12,"6",100,399,11,10
2984,13,"8",101,377,8,7
2985,13,"8",101,387,1,6
2986,13,"8",101,387,1,7
2987,13,"8",101,390,5,5
2989,23,"9",60,352,32,3
2990,23,"10",13,337,39,3
2991,24,"10",14,336,38,11
2992,24,"10",14,324,32,6
2993,24,"10",14,324,32,11
2994,24,"10",14,342,34,12
2995,22,"9",13,355,13,3
2996,22,"9",13,370,39,3
2997,22,"9",13,370,39,28
2998,22,"9",13,362,38,10
2999,25,"10",14,319,34,11
3000,25,"10",14,326,37,9
3001,25,"10",14,326,37,11
3002,11,"6",87,13,10,1
3003,11,"6",87,16,5,10
3004,11,"6",87,12,8,1
3005,11,"6",87,17,13,1
3006,12,"7",102,392,13,10
3007,13,"8",101,390,5,7
3008,13,"8",101,380,30,1
3010,14,"7",92,382,13,2
3011,23,"10",13,337,39,7
3012,23,"10",13,350,42,2
3013,23,"10",13,350,42,1
3014,23,"10",13,345,43,6
3015,24,"10",14,342,34,11
3016,24,"10",14,336,38,9
3017,22,"9",13,362,38,15
3018,22,"9",13,369,31,7
3019,22,"9",13,369,31,3
3020,25,"10",14,322,38,15
3021,25,"10",14,322,38,11
3022,25,"10",14,333,13,6
3023,25,"10",14,333,13,11
3024,11,"6",87,10,2,10
3025,11,"6",87,11,1,1
3027,12,"7",102,398,54,1
3028,12,"7",102,133,1,7
3029,12,"7",102,399,11,6
3030,13,"8",101,380,30,7
3031,13,"8",101,389,11,5
3032,13,"8",101,389,11,7
3033,13,"9",13,387,1,10
3034,14,"7",92,374,1,3
3035,14,"7",92,375,8,12
3036,14,"7",92,368,6,3
3037,23,"10",13,345,43,10
3038,23,"10",13,338,38,1
3039,23,"10",13,338,38,13
3040,23,"10",13,352,32,9
3041,24,"10",14,324,32,3
3042,24,"10",14,342,34,4
3043,22,"9",13,363,32,10
3044,22,"9",13,363,32,6
3045,25,"10",14,333,13,7
3050,12,"7",102,394,21,1
3051,12,"7",102,396,6,8
3052,12,"8",101,392,13,5
3053,13,"9",13,387,1,3
3054,13,"9",13,389,11,10
3055,13,"9",13,389,11,3
3056,13,"9",13,377,8,8
3057,14,"7",92,366,31,12
3058,14,"7",92,360,5,10
3059,14,"7",92,384,21,12
3061,23,"10",13,352,32,8
3062,23,"11",14,338,38,12
3063,22,"10",14,363,32,28
3064,25,"10",14,333,13,4
3065,25,"10",14,326,37,3
3066,25,"10",14,326,37,9
3067,25,"10",14,322,38,8
3070,11,"7",103,13,10,10
3071,12,"8",101,392,13,13
3072,12,"8",101,394,21,9
3073,12,"8",101,394,21,7
3074,12,"8",101,396,6,1
3075,13,"9",13,377,8,3
3076,13,"9",13,390,5,8
3077,13,"9",13,390,5,3
3080,14,"8",104,366,31,1
3081,23,"11",14,338,38,11
3082,23,"11",14,345,43,1
3083,23,"11",14,345,43,11
3084,22,"10",14,363,32,11
3085,22,"10",14,369,31,6
3086,22,"10",14,369,31,11
3087,25,"10",14,322,38,13
3088,11,"7",103,10,2,1
3089,11,"7",103,17,13,12
3090,11,"7",103,12,8,6
3091,12,"8",101,396,6,13
3092,12,"8",101,399,11,12
3093,12,"8",101,399,11,4
3094,12,"8",101,133,1,3
3098,14,"8",104,366,31,7
3099,14,"8",104,360,5,12
3100,14,"8",104,360,5,8
3101,14,"8",104,374,1,9
3102,23,"11",14,352,32,10
3103,23,"11",14,352,32,11
3104,23,"11",14,337,39,9
3105,23,"11",14,337,39,11
3106,22,"10",14,355,13,13
3107,22,"10",14,355,13,11
3108,22,"10",14,363,32,3
3109,11,"7",103,11,1,9
3110,11,"7",103,16,5,1
3111,11,"8",101,13,10,12
3112,12,"8",101,133,1,13
3113,12,"9",13,399,11,3
3114,13,"10",14,390,5,4
3115,14,"8",104,374,1,8
3116,14,"8",104,382,13,12
3117,14,"8",104,382,13,4
3118,14,"8",104,368,6,9
3119,23,"11",14,337,39,12
3120,22,"10",14,369,31,4
3121,22,"10",14,355,13,7
3122,11,"8",101,13,10,7
3123,11,"8",101,16,5,6
3124,12,"9",13,399,11,13
3125,12,"9",13,133,1,12
3126,12,"9",13,133,1,10
3127,12,"9",13,392,13,3
3128,13,"10",14,390,5,11
3129,13,"10",14,377,8,5
3130,13,"10",14,377,8,11
3131,13,"10",14,389,11,4
3132,14,"8",104,368,6,10
3133,14,"8",104,375,8,9
3134,14,"8",104,375,8,10
3135,14,"9",13,375,8,1
3136,23,"11",14,338,38,7
3137,23,"11",14,352,32,9
3138,11,"8",101,16,5,2
3139,11,"8",101,10,2,5
3140,11,"8",101,10,2,4
3141,12,"9",13,392,13,2
3142,12,"9",13,394,21,3
3143,12,"9",13,394,21,13
3144,13,"10",14,389,11,11
3146,14,"9",13,375,8,8
3147,14,"9",13,382,13,6
3148,14,"9",13,382,13,13
3149,11,"8",101,17,13,3
3154,14,"9",13,366,31,5
3155,14,"9",13,366,31,8
3156,14,"9",13,360,5,3
3157,11,"8",101,17,13,8
3158,11,"8",101,11,1,5
3159,11,"8",101,11,1,4
3164,13,"10",14,389,11,8
3165,13,"10",14,377,8,8
3166,14,"9",13,360,5,7
3167,14,"10",14,375,8,4
3168,11,"9",13,11,1,10
3170,12,"10",14,392,13,8
3171,14,"10",14,375,8,11
3172,14,"10",14,382,13,10
3173,14,"10",14,382,13,11
3174,11,"9",13,11,1,3
3175,11,"9",13,16,5,4
3176,11,"9",13,16,5,5
3177,11,"9",13,17,13,10
3178,12,"10",14,392,13,11
3179,12,"10",14,133,1,8
3180,12,"10",14,133,1,11
3181,14,"10",14,366,31,3
3182,14,"10",14,366,31,11
3183,14,"10",14,375,8,13
3184,11,"9",13,17,13,5
3185,11,"9",13,13,10,8
3186,11,"9",13,13,10,3
3187,12,"10",14,394,21,6
3188,12,"10",14,394,21,11
3189,12,"10",14,392,13,12
3190,14,"10",14,382,13,7
3191,14,"10",14,366,31,4
3192,11,"10",14,13,10,9
3193,12,"10",14,133,1,4
3194,12,"10",14,394,21,8
3195,11,"10",14,13,10,11
3196,11,"10",14,17,13,7
3197,11,"10",14,17,13,11
3198,11,"10",14,16,5,10
3199,11,"10",14,16,5,11
3200,11,"10",14,13,10,1
3201,11,"10",14,17,13,1
3202,11,"10",14,16,5,12
3203,11,"10",14,13,10,4
3204,11,"10",14,16,5,4
3205,11,"10",14,17,13,4
