"celebrity_id","celebrity","notability"
1,"Erin Andrews","ESPN sportscaster"
2,"Evan Lysacek","Olympic figure skater"
3,"Niecy Nash","Comedian, actress & host"
4,"Aiden Turner","All My Children actor"
5,"Nicole Scherzinger","Pussycat Dolls singer"
6,"Jake Pavelka","The Bachelor star"
7,"Kate Gosselin","Reality television star"
8,"Chad Ochocinco","NFL wide receiver"
9,"Pamela Anderson","Playboy model & actress"
10,"Kurt Warner","NFL quarterback"
11,"Brandy","Singer & actress"
12,"Rick Fox","NBA small forward"
13,"Kyle Massey","Disney Channel actor & rapper"
14,"The Situation","Jersey Shore star"
15,"Florence Henderson","The Brady Bunch actress"
16,"Jennifer Grey","Film & television actress"
17,"Bristol Palin","Activist, author &---daughter of Sarah Palin"
18,"Audrina Patridge","The Hills star"
19,"George Hamilton","Actor"
20,"Lisa Rinna","Television actress & host"
21,"Kenny Mayne","ESPN anchorman"
22,"Stacy Keibler","WWE Diva"
23,"Joey McIntyre","New Kids on the Block singer"
24,"Drew Lachey","98 Degrees singer"
25,"Tia Carrere","Actress & model"
26,"Master P","Rapper & entrepreneur"
27,"Giselle Fernandez","Television journalist"
28,"Rachel Hunter","Supermodel"
29,"Evander Holyfield","Heavyweight boxer"
30,"Kelly Monaco","General Hospital actress"
31,"John O'Hurley","Television actor---& game show host"
32,"Jerry Rice","NFL wide receiver"
33,"Tatum O'Neal","Film actress"
34,"Trista Sutter","The Bachelorette star"
35,"Shannen Doherty","Film & television actress"
36,"Buzz Aldrin","Apollo 11 astronaut"
37,"Aaron Carter","Singer & actor"
38,"Chuck Liddell","UFC fighter"
39,"Mark Dacascos","Iron Chef America chairman"
40,"Ashley Hamilton","Actor & comedian"
41,"Donny Osmond","Singer & actor"
42,"Louie Vito","Snowboarder"
43,"Michael Irvin","NFL player"
44,"Tom DeLay","U.S. House Majority Leader"
45,"Debi Mazar","Film & television actress"
46,"Melissa Joan Hart","Television actress"
47,"Mýa","Singer-songwriter & actress"
48,"Kathy Ireland","Model & entrepreneur"
49,"Natalie Coughlin","Olympic swimmer"
50,"Macy Gray","R&B singer"
51,"Joanna Krupa","Model & actress"
52,"Kelly Osbourne","Reality television star & singer"
53,"Lil' Kim","Rapper"
54,"Belinda Carlisle","Singer-songwriter"
55,"Lawrence Taylor","NFL linebacker"
56,"Steve-O","Jackass star"
57,"Gilles Marini","Actor"
58,"Chuck Wicks","Country singer"
59,"Holly Madison","Playboy model &---reality television star"
60,"Ty Murray","Rodeo cowboy"
61,"Shawn Johnson","Olympic artistic gymnast"
62,"Steve Wozniak","Apple co-founder"
63,"David Alan Grier","Actor & comedian"
64,"Denise Richards","Actress"
65,"Melissa Rycroft","The Bachelor star"
66,"Cody Linley","Hannah Montana actor"
67,"Rocco DiSpirito","Celebrity chef & author"
68,"Toni Braxton","Singer-songwriter"
69,"Maurice Greene","Olympic sprinter"
70,"Brooke Burke","Model & television host"
71,"Ted McGinley","Film & television actor"
72,"Lance Bass","NSYNC singer"
73,"Cloris Leachman","Film & television actress"
74,"Jeffrey Ross","Stand-up comedian"
75,"Kim Kardashian","Reality television star"
76,"Susan Lucci","All My Children actress"
77,"Misty May-Treanor","Olympic beach volleyball player"
78,"Penn Jillette","Magician"
79,"Warren Sapp","NFL defensive tackle"
80,"Jason Taylor","NFL defensive end"
81,"Cristián de la Fuente","Film & television actor"
82,"Adam Carolla","Comedian & radio host"
83,"Mario","R&B singer"
84,"Jennie Garth","Television actress"
85,"Steve Guttenberg","Film actor"
86,"Shannon Elizabeth","American Pie actress"
87,"Josie Maran","Model & actress"
88,"Sabrina Bryan","The Cheetah Girls singer & actress"
89,"Marie Osmond","Entertainer"
90,"Monica Seles","Professional tennis player"
91,"Marissa Jaret Winokur","Broadway actress"
92,"Priscilla Presley","Actress & businesswoman"
93,"Kristi Yamaguchi","Olympic figure skater"
94,"Ian Ziering","Television actor"
95,"Mel B","Spice Girls singer"
96,"Jane Seymour","Film & television actress"
97,"Cameron Mathison","All My Children actor & TV host"
98,"Marlee Matlin","Film & television actress"
99,"Paulina Porizkova","Supermodel"
100,"Billy Ray Cyrus","Country music singer & actor"
101,"Floyd Mayweather Jr.","Professional boxer"
102,"Hélio Castroneves","Indy 500 champion"
103,"Albert Reed","Supermodel"
104,"Mark Cuban","Dallas Mavericks owner---& entrepreneur"
105,"Joey Lawrence","Television actor"
106,"Leeza Gibbons","Talk-show host"
107,"Joey Fatone","NSYNC singer & actor"
108,"Laila Ali","Professional boxer"
109,"John Ratzenberger","Film & television actor & author"
110,"Wayne Newton","Las Vegas entertainer"
111,"Sara Evans","Country music singer"
112,"Tucker Carlson","News anchor & commentator"
113,"Monique Coleman","High School Musical actress"
114,"Emmitt Smith","NFL running back"
115,"Shandi Finnessey","Miss USA 2004"
116,"Clyde Drexler","NBA player"
117,"Heather Mills","Model & charity campaigner"
118,"Apolo Anton Ohno","Olympic short-track speed skater"
119,"Willa Ford","Pop singer & actress"
120,"Mario Lopez","Television actor & host"
121,"Shanna Moakler","Model, actress & reality television star"
122,"Harry Hamlin","Film & television actor"
123,"Vivica A. Fox","Film actress & producer"
124,"Jerry Springer","Talk show host"
125,"Kirstie Alley","Film & television actress"
126,"Victor Espinoza","Jockey"
127,"Willow Shields","The Hunger Games actress"
128,"Tamar Braxton","R&B singer & reality television star"
129,"Chaka Khan","Funk & R&B singer"
130,"Hayes Grier","Vine & social media personality"
131,"Robert Herjavec","Shark Tank panelist & businessman"
132,"Riker Lynch","R5 singer & actor"
133,"Charlotte McKinney","Model & actress"
134,"Patti LaBelle","Soul singer"
135,"Andy Grammer","Singer-songwriter"
136,"Paula Deen","Celebrity chef & businesswoman"
137,"Carlos PenaVega","Big Time Rush singer & actor"
138,"Alexa PenaVega","Film & television actress"
139,"Chris Soules","The Bachelor star"
140,"Michael Sam","NFL defensive end"
141,"Nastia Liukin","Olympic artistic gymnast"
142,"Kim Zolciak-Biermann","Reality television star"
143,"Bindi Irwin","Wildlife conservationist & actress"
144,"Gary Busey","Film actor"
145,"Alek Skarlatos","Legion of Honor recipient & soldier"
146,"Redfoo","LMFAO singer, producer & rapper"
147,"Noah Galloway","Soldier & personal trainer"
148,"Suzanne Somers","Television actress & author"
149,"Rumer Willis","Film & television actress"
150,"Nick Carter","Backstreet Boys singer"
151,"Antonio Sabàto Jr.","General Hospital actor & model"
152,"Lea Thompson","Film & television actress"
153,"Janel Parrish","Pretty Little Liars actress"
154,"Lolo Jones","Olympic athlete"
155,"Betsey Johnson","Fashion designer"
156,"Tavis Smiley","Television & radio broadcaster"
157,"Sadie Robertson","Duck Dynasty star"
158,"Michael Waltrip","NASCAR racer"
159,"Jonathan Bennett","Mean Girls actor"
160,"Tommy Chong","Comedian & actor"
161,"Randy Couture","UFC mixed martial artist"
162,"Bethany Mota","YouTube personality"
163,"NeNe Leakes","Reality television star & actress"
164,"Alfonso Ribeiro","Television actor"
165,"James Maslow","Big Time Rush singer & actor"
166,"Danica McKellar","The Wonder Years actress & author"
167,"Sean Avery","NHL player"
168,"Billy Dee Williams","Movie actor"
169,"Meryl Davis","Olympic ice dancer"
170,"Candace Cameron Bure","Full House actress & author"
171,"Cody Simpson","Singer-songwriter"
172,"Drew Carey","Television host, actor & comedian"
173,"Amy Purdy","Paralympic snowboarder[5]"
174,"Brant Daugherty","Pretty Little Liars actor"
175,"Diana Nyad","Long-distance swimmer"
176,"Charlie White","Olympic ice dancer"
177,"Leah Remini","Sitcom actress"
178,"Corbin Bleu","High School Musical actor"
179,"Jack Osbourne","Reality television star"
180,"Amber Riley","Glee actress"
181,"Elizabeth Berkley Lauren","Film & television actress"
182,"Bill Nye","Science education host"
183,"Keyshawn Johnson","NFL wide receiver"
184,"Christina Milian","Singer & actress"
185,"Bill Engvall","Stand-up comedian & actor"
186,"Kellie Pickler","Country music singer"
187,"Valerie Harper","Television actress"
188,"Nicole ""Snooki"" Polizzi","Jersey Shore star"
189,"Victor Ortiz","Professional boxer"
190,"Ingo Rademacher","General Hospital actor"
191,"Lisa Vanderpump","Reality television star"
192,"D.L. Hughley","Comedian & television actor"
193,"Zendaya","Disney Channel star"
194,"Sean Lowe","Reality television star"
195,"Alexandra Raisman","Olympic gymnast"
196,"Dorothy Hamill","Olympic figure skater"
197,"Wynonna Judd","Country music singer"
198,"Andy Dick","Actor & comedian"
199,"Jordin Sparks","Singer-songwriter & actress"
200,"Jacoby Jones","NFL wide receiver"
201,"Sam Champion","Good Morning America meteorologist"
202,"Heidi D'Amelio","Social media personality"
203,"Daniel Durant","Film & television actor"
204,"Jessie James Decker","Country music singer"
205,"Teresa Giudice","The Real Housewives of New Jersey star"
206,"Wayne Brady","Comedian, actor & television personality"
207,"Cheryl Ladd","Charlie's Angels actress & author"
208,"Vinny Guadagnino","Jersey Shore star"
209,"Melanie C","Spice Girls singer"
210,"Shangela","Drag queen & RuPaul's Drag Race star"
211,"Trevor Donovan","Actor & model"
212,"Gabby Windey","The Bachelorette star"
213,"Mike ""The Miz"" Mizanin","WWE wrestler"
214,"Iman Shumpert","NBA shooting guard"
215,"Olivia Jade","Social media personality"
216,"Jimmie Allen","Country music singer"
217,"Joseph Baena","Professional bodybuilder & actor"
218,"Jason Lewis","Sex and the City actor"
219,"Selma Blair","Film & television actress"
220,"Melora Hardin","Film & television actress"
221,"Suni Lee","Olympic artistic gymnast"
222,"Cody Rigsby","Peloton instructor & fitness personality"
223,"Amanda Kloots","The Talk co-host"
224,"Charli D'Amelio","Social media personality & dancer"
225,"Martin Kove","Film & television actor"
226,"Kenya Moore","The Real Housewives of Atlanta star"
227,"Christine Chiu","Bling Empire star"
228,"Matt James","The Bachelor star"
229,"AJ McLean","Backstreet Boys singer"
230,"Brian Austin Green","Television actor"
231,"JoJo Siwa","YouTube personality, dancer & singer"
232,"Chrishell Stause","Actress & Selling Sunset star"
233,"Vernon Davis","NFL tight end"
234,"Anne Heche","Film & television actress"
235,"Hannah Brown","The Bachelorette star"
236,"Jeannie Mai","Television host & stylist"
237,"Jesse Metcalfe","Film & television actor"
238,"Skai Jackson","Disney Channel actress"
239,"Kel Mitchell","Actor & comedian"
240,"Kate Flannery","The Office actress"
241,"Lamar Odom","NBA forward"
242,"Lauren Alaina","Country music singer"
243,"Kaitlyn Bristowe","The Bachelorette star"
244,"Nev Schulman","Catfish host & producer"
245,"Johnny Weir","Olympic figure skater"
246,"Sailor Brinkley-Cook","Model &---daughter of Christie Brinkley"
247,"Karamo Brown","Queer Eye expert & activist"
248,"Ray Lewis","NFL linebacker"
249,"Mary Wilson","The Supremes singer"
250,"Justina Machado","Film & television actress"
251,"Charles Oakley","NBA power forward"
252,"Monica Aldama","Cheer star & coach"
253,"Nelly","Rapper & singer"
254,"Ally Brooke","Fifth Harmony singer"
255,"Sean Spicer","White House Press Secretary"
256,"James Van Der Beek","Dawson's Creek actor"
257,"Carole Baskin","Tiger King star & animal activist"
258,"Mary Lou Retton","Olympic gymnast"
259,"Milo Manheim","Disney Channel star"
260,"Evanna Lynch","Harry Potter actress & activist"
261,"Danelle Umstead","Paralympic alpine skier"
262,"Bobby Bones","Radio personality"
263,"Juan Pablo Di Pace","Fuller House actor"
264,"Nikki Glaser","Comedian & podcast host"
265,"Alexis Ren","Model & social media personality"
266,"John Schneider","Actor & country music singer"
267,"Tinashe","Singer-songwriter"
268,"Nancy McKeon","The Facts of Life actress"
269,"Joe Amabile","Reality television star"
270,"DeMarcus Ware","NFL linebacker"
271,"Chris Mazdzer","Olympic luger"
272,"Kareem Abdul-Jabbar","NBA center"
273,"Jennie Finch Daigle","Olympic softball pitcher"
274,"Jamie Anderson","Olympic snowboarder"
275,"Mirai Nagasu","Olympic figure skater"
276,"Terrell Owens","NFL wide receiver"
277,"Arike Ogunbowale","Women's basketball player"
278,"Adam Rippon","Olympic figure skater"
279,"Johnny Damon","MLB outfielder"
280,"Tonya Harding","Olympic figure skater"
281,"Debbie Gibson","Singer-songwriter---& Broadway actress"
282,"Sasha Pieterse","Pretty Little Liars actress"
283,"Drew Scott","Property Brothers co-host"
284,"Barbara Corcoran","Shark Tank panelist---& businesswoman"
285,"Josh Norman","NFL cornerback"
286,"Jordan Fisher","Actor & singer"
287,"Nick Lachey","98 Degrees singer"
288,"Normani","Fifth Harmony singer"
289,"Vanessa Lachey","Actress & television host"
290,"Frankie Muniz","Actor & race car driver"
291,"Nikki Bella","WWE wrestler"
292,"Derek Fisher","NBA point guard"
293,"Nancy Kerrigan","Olympic figure skater"
294,"Chris Kattan","Actor & comedian"
295,"Bonner Bolton","Model & bull rider"
296,"Charo","Actress, comedian & musician"
297,"Victoria Arlen","Paralympic swimmer---& ESPN host"
298,"Lindsey Stirling","Violinist & composer"
299,"Marilu Henner","Actress, broadcaster & author"
300,"Nick Viall","The Bachelor star"
301,"Heather Morris","Glee actress & dancer"
302,"David Ross","MLB catcher"
303,"James Hinchcliffe","IndyCar driver"
304,"Calvin Johnson Jr.","NFL wide receiver"
305,"Maureen McCormick","Actress & author"
306,"Babyface","Singer-songwriter &---record producer"
307,"Erika Jayne","Singer & reality television star"
308,"Rashad Jennings","NFL running back"
309,"Amber Rose","Model & actress"
310,"Vanilla Ice","Rapper & actor"
311,"Jana Kramer","Country music singer & actress"
312,"Jake T. Austin","Actor"
313,"Mr. T","Actor & wrestler"
314,"Simone Biles","Olympic artistic gymnast"
315,"Rick Perry","Governor of Texas"
316,"Terra Jolé","Reality television star"
317,"Ryan Lochte","Olympic swimmer"
318,"Laurie Hernandez","Olympic artistic gymnast"
319,"Kim Fields","Actress & reality television star"
320,"Paige VanZant","UFC fighter & model"
321,"Doug Flutie","NFL quarterback"
322,"Jodie Sweetin","Full House actress"
323,"Geraldo Rivera","Journalist & talk show host"
324,"Maria Menounos","Television host"
325,"Marla Maples","Actress & television personality"
326,"Wanyá Morris","Boyz II Men singer"
327,"Ginger Zee","Good Morning America---meteorologist"
328,"Mischa Barton","Film & television actress"
329,"Jack Wagner","Actor & singer"
330,"Donald Driver","NFL wide receiver"
331,"Gavin DeGraw","Singer-songwriter"
332,"Roshon Fegan","Disney Channel actor & rapper"
333,"Nyle DiMarco","Model & actor"
334,"Antonio Brown","NFL wide receiver"
335,"Von Miller","NFL linebacker"
336,"Metta World Peace","NBA small forward"
337,"Sherri Shepherd","The View panelist & actress"
338,"Melissa Gilbert","Actress"
339,"William Levy","Telenovela actor"
340,"Rob Kardashian","Reality television star"
341,"Kristin Cavallari","Reality television star"
342,"Chynna Phillips","Wilson Phillips singer---& solo artist"
343,"Nancy Grace","HLN host & prosecutor"
344,"Martina Navratilova","Professional tennis player"
345,"Katherine Jenkins","Classical singer"
346,"Gladys Knight","Soul singer"
347,"Jaleel White","Television actor"
348,"David Arquette","Actor"
349,"Elisabetta Canalis","Model & actress"
350,"Hope Solo","USA soccer team goalkeeper"
351,"Carson Kressley","Television host"
352,"J.R. Martinez","Actor & Army veteran"
353,"Ricki Lake","Actress & talk show host"
354,"Chaz Bono","Transgender activist & author"
355,"Chelsea Kane","Disney Channel actress"
356,"Wendy Williams","Talk show host & author"
357,"Hines Ward","NFL wide receiver"
358,"Petra Němcová","Supermodel"
359,"Romeo","Rapper & actor"
360,"Sugar Ray Leonard","Professional boxer"
361,"Kendra Wilkinson","Model & reality television star"
362,"Ralph Macchio","Film actor"
363,"Chris Jericho","WWE wrestler"
364,"Mike Catherwood","Radio personality"
365,"Margaret Cho","Stand-up comedian"
366,"Michael Bolton","Singer-songwriter"
367,"David Hasselhoff","Actor & singer"
